case,draw,strength,passed,failed,gate 1,gate 2,gate 3,gate 4,gate 5,gate 6,gate 7,Sharpe,alpha,costs a year,appraisal ratio,effective trials,DSR,neighbours holding the base,DSR against 10,DSR against 30,DSR against 100
timing,0,0.0,False,2,True,False,False,False,False,False,False,0.49529,-0.0055511,0.011237,-0.10256,1,0.33465,0,,,
slow timing,0,0.0,False,3,True,True,False,False,False,True,True,0.65011,0.01864,0.00249,0.35952,2,0.81701,0,,,
selection,0,0.0,False,2,True,False,True,False,False,True,True,0.58377,0.0099438,0.011478,0.179,10,0.23998,0,,,
slow selection,0,0.0,False,4,True,True,True,False,False,False,False,0.68413,0.025519,0.0026544,0.49875,10,0.35862,0,,,
planted 0.5,0,0.013413153777783005,True,0,True,True,True,True,True,True,True,0.77532,0.04339,0.010951,0.81977,1,0.99976,0,0.97245,0.92217,0.83225
planted 0.8,0,0.018388610058729223,True,0,True,True,True,True,True,True,True,0.78401,0.045861,0.011058,0.75001,1,0.99967,0,0.9581,0.89039,0.7793
late slow timing,0,0.0,False,2,True,False,False,False,False,False,True,0.59186,-0.064286,0.0041699,-0.22142,1,0.26362,0,,,
rotation,0,0.0,False,2,True,False,False,False,False,False,True,0.64736,-0.0076186,0.0022842,-0.28477,2,0.06326,0,,,
binary rotation,0,0.0,False,3,True,True,False,False,False,False,True,0.71106,0.005674,0.0044467,0.13922,2,0.49549,0,,,
top sector,0,0.0,False,3,True,True,False,False,False,False,True,0.74143,0.038159,0.003946,0.31079,1,0.85817,0,,,
near benchmark,0,0.0,False,2,True,False,False,False,False,True,True,0.70306,0.00024144,0.0011736,0.019625,2,0.32597,0,,,
timing,1,0.0,False,2,True,False,False,False,False,False,True,0.5713,0.007055,0.01102,0.13688,1,0.70673,0,,,
slow timing,1,0.0,False,3,True,True,False,False,False,True,True,0.57535,0.0044391,0.0025494,0.095595,1,0.64769,0,,,
selection,1,0.0,False,2,True,False,False,False,False,False,False,0.50582,-0.0034467,0.011362,-0.062818,10,0.033458,0,,,
slow selection,1,0.0,False,3,True,True,False,False,False,False,True,0.66795,0.020583,0.0024476,0.48815,10,0.31945,0,,,
planted 0.5,1,0.013413153777783005,True,0,True,True,True,True,True,True,True,0.86001,0.056351,0.011093,1.003,1,0.99999,0,0.99397,0.97744,0.93811
planted 0.8,1,0.018388610058729223,True,0,True,True,True,True,True,True,True,0.85112,0.055279,0.011192,1.1011,1,1,0,0.99944,0.99709,0.98925
late slow timing,1,0.0,False,2,True,False,False,False,False,False,True,0.86234,-0.0031655,0.0038842,-0.024535,1,0.47153,0,,,
rotation,1,0.0,False,2,True,False,False,False,False,False,True,0.64478,-0.0080237,0.002542,-0.30977,2,0.07029,0,,,
binary rotation,1,0.0,False,2,True,False,False,False,False,False,True,0.6927,0.0028496,0.0036693,0.064587,2,0.38941,0,,,
top sector,1,0.0,False,2,True,False,False,False,False,False,False,0.61668,0.0070719,0.0038514,0.06765,1,0.59396,0,,,
near benchmark,1,0.0,False,3,True,True,False,False,False,True,True,0.71026,0.0014707,0.0010849,0.11323,2,0.44748,0,,,
timing,2,0.0,False,2,True,False,False,False,False,False,False,0.39098,-0.024153,0.011518,-0.44308,1,0.015524,0,,,
slow timing,2,0.0,False,2,True,False,False,False,False,False,True,0.43365,-0.021563,0.0023364,-0.4787,1,0.020906,0,,,
selection,2,0.0,False,2,True,False,False,False,False,False,True,0.47994,-0.0078466,0.010796,-0.14773,10,0.01342,0,,,
slow selection,2,0.0,False,3,True,True,False,False,False,False,False,0.62981,0.013678,0.0023447,0.3296,10,0.38867,0,,,
planted 0.5,2,0.013413153777783005,True,0,True,True,True,True,True,True,True,0.66306,0.025979,0.011538,0.45525,1,0.98047,0,0.5651,0.36907,0.21447
planted 0.8,2,0.018388610058729223,True,0,True,True,True,True,True,True,True,0.80323,0.049548,0.011363,0.90013,1,0.99991,0,0.98609,0.95602,0.89503
late slow timing,2,0.0,False,2,True,False,False,False,False,False,True,0.68899,-0.029188,0.0034243,-0.1234,1,0.35192,0,,,
rotation,2,0.0,False,2,True,False,False,False,False,False,True,0.69833,0.0014134,0.0025765,0.055617,2,0.30438,0,,,
binary rotation,2,0.0,False,3,True,True,False,False,False,False,False,0.71837,0.007127,0.0034889,0.1716,2,0.52668,0,,,
top sector,2,0.0,False,2,True,False,False,False,False,False,True,0.32451,-0.049836,0.0035921,-0.38125,1,0.14848,0,,,
near benchmark,2,0.0,False,3,True,True,False,False,False,True,False,0.71482,0.0022157,0.001081,0.1744,2,0.50775,0,,,
timing,3,0.0,False,2,True,False,False,False,False,False,True,0.44868,-0.013638,0.01095,-0.24841,1,0.12801,0,,,
slow timing,3,0.0,False,3,True,True,False,True,False,False,False,0.6329,0.014535,0.0024964,0.31698,1,0.91053,0,,,
selection,3,0.0,False,2,True,False,False,False,False,False,True,0.46175,-0.011374,0.01108,-0.20887,10,0.0062,0,,,
slow selection,3,0.0,False,3,True,True,False,False,False,True,True,0.62004,0.012399,0.0024904,0.27586,11,0.29553,0,,,
planted 0.5,3,0.013413153777783005,True,0,True,True,True,True,True,True,True,0.74007,0.032427,0.010793,0.59493,1,0.99636,0,0.86917,0.73499,0.56932
planted 0.8,3,0.018388610058729223,False,7,True,True,True,True,True,True,False,0.81175,0.050169,0.011439,0.95259,1,0.99998,0,0.99397,0.97849,0.94261
late slow timing,3,0.0,False,2,True,False,False,False,False,False,True,0.68543,0.009432,0.0033396,0.03999,1,0.54182,0,,,
rotation,3,0.0,False,2,True,False,False,False,False,False,True,0.6716,-0.0029531,0.0025279,-0.10465,2,0.19161,0,,,
binary rotation,3,0.0,False,2,True,False,False,False,False,False,False,0.67477,-0.00073491,0.0044009,-0.017528,2,0.28036,0,,,
top sector,3,0.0,False,6,True,True,True,True,True,False,False,0.97422,0.073837,0.0033051,0.69541,2,0.97973,1,,,
near benchmark,3,0.0,False,2,True,False,False,False,False,True,True,0.66503,-0.0060463,0.0010791,-0.44505,2,0.0172,0,,,
timing,4,0.0,False,2,True,False,False,False,False,False,True,0.43702,-0.015625,0.011,-0.27688,1,0.12187,0,,,
slow timing,4,0.0,False,2,True,False,False,False,False,False,True,0.48444,-0.012329,0.002896,-0.22374,1,0.16271,0,,,
selection,4,0.0,False,2,True,False,True,False,False,True,True,0.56496,0.0065472,0.01125,0.11988,10,0.12318,0,,,
slow selection,4,0.0,False,4,True,True,True,False,False,False,True,0.66592,0.021242,0.0026193,0.4446,10,0.30076,0,,,
planted 0.5,4,0.013413153777783005,False,7,True,True,True,True,True,True,False,0.78585,0.045458,0.01088,0.79278,1,0.99976,0,0.97197,0.92091,0.82984
planted 0.8,4,0.018388610058729223,True,0,True,True,True,True,True,True,True,0.76386,0.041542,0.011226,0.71831,1,0.99911,0,0.9381,0.85246,0.72444
late slow timing,4,0.0,False,6,True,True,True,True,True,False,True,1.1248,0.097999,0.0032782,0.52844,1,0.97351,0,,,
rotation,4,0.0,False,2,True,False,False,False,False,False,True,0.68032,-0.0020185,0.0023461,-0.086557,2,0.20264,0,,,
binary rotation,4,0.0,False,2,True,False,False,False,False,False,False,0.65355,-0.0048543,0.0040333,-0.12005,2,0.16604,0,,,
top sector,4,0.0,False,6,True,True,True,True,True,False,False,0.89542,0.066443,0.0051524,0.55656,2,0.94012,0,,,
near benchmark,4,0.0,False,2,True,False,False,False,False,True,True,0.67783,-0.0039951,0.001074,-0.33614,2,0.055144,0,,,
timing,5,0.0,False,2,True,False,False,False,False,False,True,0.52233,-0.0011764,0.011548,-0.02191,1,0.45882,0,,,
slow timing,5,0.0,False,2,True,False,False,False,False,False,True,0.53095,-0.004744,0.0021833,-0.11774,1,0.29958,0,,,
selection,5,0.0,False,2,True,False,True,False,False,True,True,0.58892,0.010149,0.011477,0.1957,10,0.12066,0,,,
slow selection,5,0.0,False,4,True,True,True,False,False,False,True,0.69144,0.026268,0.0025916,0.54269,10,0.78061,0,,,
planted 0.5,5,0.013413153777783005,True,0,True,True,True,True,True,True,True,0.7027,0.033542,0.011555,0.57022,1,0.99214,0,0.77452,0.60319,0.42483
planted 0.8,5,0.018388610058729223,True,0,True,True,True,True,True,True,True,0.86466,0.058702,0.0114,1.0792,1,1,0,0.99934,0.99671,0.98817
late slow timing,5,0.0,False,2,True,False,False,False,False,False,True,0.82094,0.022551,0.0030731,0.10537,1,0.63093,0,,,
rotation,5,0.0,False,2,True,False,False,False,False,False,True,0.65068,-0.0070735,0.0025004,-0.27388,2,0.050795,0,,,
binary rotation,5,0.0,False,2,True,False,False,False,False,False,True,0.68317,0.00082,0.0041262,0.01942,2,0.32466,0,,,
top sector,5,0.0,False,2,True,False,False,False,False,False,True,0.53218,-0.0034038,0.0038668,-0.028355,2,0.26901,0,,,
near benchmark,5,0.0,False,2,True,False,False,False,False,True,False,0.70637,0.00074113,0.0010607,0.065331,2,0.38141,0,,,
timing,6,0.0,False,2,True,False,False,False,False,False,False,0.39539,-0.02382,0.011133,-0.44163,1,0.033949,0,,,
slow timing,6,0.0,False,2,True,False,False,False,False,False,True,0.52568,-0.0051642,0.0023039,-0.11953,1,0.31435,0,,,
selection,6,0.0,False,2,True,False,False,False,False,False,True,0.53192,0.00060867,0.011426,0.011324,10,0.063318,0,,,
slow selection,6,0.0,True,0,True,True,True,True,True,True,True,0.76353,0.037971,0.0025454,0.81704,10,0.95254,0,,,
planted 0.5,6,0.013413153777783005,False,4,True,True,True,False,False,True,True,0.59529,0.013928,0.011505,0.22884,1,0.82614,0,0.26461,0.13009,0.056903
planted 0.8,6,0.018388610058729223,True,0,True,True,True,True,True,True,True,0.74873,0.038392,0.011193,0.67896,1,0.99863,0,0.90635,0.79518,0.64494
late slow timing,6,0.0,False,3,True,True,False,True,False,False,True,1.0657,0.079697,0.0029569,0.43027,1,0.90108,0,,,
rotation,6,0.0,False,2,True,False,False,False,False,False,False,0.70006,0.0018024,0.0025339,0.068684,2,0.39024,0,,,
binary rotation,6,0.0,False,2,True,False,False,False,False,False,True,0.61378,-0.012088,0.0032197,-0.2866,2,0.060685,0,,,
top sector,6,0.0,False,2,True,False,False,False,False,False,False,0.66251,0.014629,0.0044021,0.13066,1,0.68148,0,,,
near benchmark,6,0.0,False,2,True,False,False,False,False,True,True,0.70095,-0.00010963,0.001078,-0.0090045,2,0.29036,0,,,
timing,7,0.0,False,2,True,False,False,False,False,False,True,0.3481,-0.032551,0.011423,-0.5701,1,0.0069858,0,,,
slow timing,7,0.0,False,3,True,True,False,False,False,True,False,0.63666,0.01713,0.0027128,0.29951,2,0.75511,0,,,
selection,7,0.0,False,2,True,False,True,False,False,True,True,0.5691,0.0083395,0.01117,0.13823,10,0.17401,0,,,
slow selection,7,0.0,False,3,True,True,False,False,False,True,True,0.62296,0.012871,0.0023013,0.28344,10,0.30345,0,,,
planted 0.5,7,0.013413153777783005,False,7,True,True,True,True,True,True,False,0.7021,0.031196,0.011174,0.5533,1,0.99403,0,0.82806,0.67364,0.49795
planted 0.8,7,0.018388610058729223,True,0,True,True,True,True,True,True,True,0.80001,0.047362,0.011394,0.8482,1,0.99988,0,0.98222,0.94601,0.87572
late slow timing,7,0.0,False,2,True,False,False,False,False,False,True,0.68913,-0.045257,0.0024294,-0.17894,1,0.30361,0,,,
rotation,7,0.0,False,2,True,False,False,False,False,False,True,0.69381,0.00065755,0.0023768,0.025295,2,0.33603,0,,,
binary rotation,7,0.0,False,2,True,False,False,False,False,False,False,0.66851,-0.0015509,0.0035489,-0.035894,2,0.25888,0,,,
top sector,7,0.0,False,2,True,False,False,False,False,False,True,0.32447,-0.057524,0.0044871,-0.46205,2,0.018299,0,,,
near benchmark,7,0.0,False,2,True,False,False,False,False,True,True,0.67717,-0.0040818,0.0010742,-0.34009,2,0.053047,0,,,
timing,8,0.0,False,2,True,False,False,False,False,False,True,0.50614,-0.0036468,0.010978,-0.06513,1,0.38976,0,,,
slow timing,8,0.0,False,2,True,False,False,False,False,False,True,0.5172,-0.0065981,0.002274,-0.15075,1,0.26579,0,,,
selection,8,0.0,False,2,True,False,True,False,False,False,True,0.54898,0.0036996,0.011697,0.065685,10,0.098649,0,,,
slow selection,8,0.0,False,3,True,True,False,False,False,False,False,0.62271,0.01272,0.0023618,0.27867,10,0.35211,0,,,
planted 0.5,8,0.013413153777783005,True,0,True,True,True,True,True,True,True,0.66717,0.026506,0.011682,0.48104,1,0.97541,0,0.5835,0.38664,0.22801
planted 0.8,8,0.018388610058729223,True,0,True,True,True,True,True,True,True,0.7872,0.045553,0.011143,0.83931,1,0.99991,0,0.98142,0.94332,0.86956
late slow timing,8,0.0,False,2,True,False,False,False,False,False,True,0.5433,-0.018795,0.0049892,-0.085253,1,0.40994,0,,,
rotation,8,0.0,False,2,True,False,False,False,False,False,True,0.69504,0.00047828,0.0023592,0.021949,2,0.33011,0,,,
binary rotation,8,0.0,False,3,True,True,False,False,False,False,True,0.72294,0.0080565,0.0035981,0.19099,2,0.56268,0,,,
top sector,8,0.0,False,2,True,False,False,False,False,False,True,0.29343,-0.051189,0.0041359,-0.4027,1,0.066898,0,,,
near benchmark,8,0.0,False,3,True,True,False,False,False,True,False,0.72509,0.003918,0.0010923,0.31046,2,0.68265,0,,,
timing,9,0.0,False,2,True,False,False,False,False,False,True,0.34665,-0.029638,0.011006,-0.49503,1,0.0097591,0,,,
slow timing,9,0.0,False,2,True,False,False,False,False,False,True,0.4186,-0.025733,0.0021395,-0.58855,1,0.0067652,0,,,
selection,9,0.0,False,2,True,False,False,False,False,False,True,0.5242,0.00045215,0.010987,0.0074154,10,0.061573,0,,,
slow selection,9,0.0,False,3,True,True,False,False,False,False,True,0.61459,0.013516,0.0028103,0.23668,10,0.2589,0,,,
planted 0.5,9,0.013413153777783005,True,0,True,True,True,True,True,True,True,0.70563,0.03218,0.011166,0.60202,1,0.99657,0,0.87092,0.73649,0.56983
planted 0.8,9,0.018388610058729223,True,0,True,True,True,True,True,True,True,0.91829,0.063689,0.010894,1.2246,1,1,0,0.99978,0.9988,0.99519
late slow timing,9,0.0,False,2,True,False,False,False,False,False,True,0.35163,-0.081027,0.0034534,-0.29891,2,0.066605,0,,,
rotation,9,0.0,False,3,True,True,False,False,False,False,False,0.741,0.0089129,0.0021383,0.35504,2,0.77092,0,,,
binary rotation,9,0.0,False,3,True,True,False,False,False,False,True,0.71732,0.007096,0.0035846,0.16699,2,0.53878,0,,,
top sector,9,0.0,False,2,True,False,False,False,False,False,True,0.40755,-0.035099,0.0034025,-0.30958,1,0.15968,0,,,
near benchmark,9,0.0,False,4,True,True,True,False,False,True,True,0.74308,0.0068711,0.0011711,0.51805,2,0.88845,0,,,
timing,10,0.0,False,2,True,False,False,False,False,False,True,0.4766,-0.0079014,0.010925,-0.14117,1,0.25691,0,,,
slow timing,10,0.0,False,2,True,False,False,False,False,False,True,0.44279,-0.019576,0.0028066,-0.40148,2,0.013292,0,,,
selection,10,0.0,False,2,True,False,True,False,False,True,True,0.57646,0.0080609,0.01137,0.15442,10,0.18659,0,,,
slow selection,10,0.0,False,3,True,True,False,False,False,True,False,0.65063,0.019149,0.0025298,0.35449,10,0.38756,0,,,
planted 0.5,10,0.013413153777783005,True,0,True,True,True,True,True,True,True,0.73919,0.038051,0.011027,0.67455,1,0.99884,0,0.89355,0.77296,0.61527
planted 0.8,10,0.018388610058729223,True,0,True,True,True,True,True,True,True,0.63195,0.019063,0.011553,0.33185,1,0.93425,0,0.42192,0.2438,0.1251
late slow timing,10,0.0,False,2,True,False,False,False,False,False,True,0.63405,-0.0069833,0.0023408,-0.042116,1,0.4446,0,,,
rotation,10,0.0,False,2,True,False,False,False,False,False,True,0.6483,-0.007228,0.0029398,-0.25837,2,0.078818,0,,,
binary rotation,10,0.0,False,2,True,False,False,False,False,False,False,0.63559,-0.0075056,0.0035371,-0.17213,2,0.13853,0,,,
top sector,10,0.0,False,2,True,False,False,False,False,False,True,0.54218,-0.0065006,0.002757,-0.047762,2,0.24567,0,,,
near benchmark,10,0.0,False,2,True,False,False,False,False,True,True,0.69972,-0.00031138,0.0010396,-0.025352,2,0.27139,0,,,
timing,11,0.0,False,2,True,False,False,False,False,False,True,0.47716,-0.008665,0.011415,-0.1443,1,0.27222,0,,,
slow timing,11,0.0,False,2,True,False,False,False,False,False,True,0.53393,-0.003124,0.0026602,-0.060066,1,0.40218,0,,,
selection,11,0.0,False,2,True,False,False,False,False,False,True,0.53526,0.0013766,0.01099,0.024712,10,0.070315,0,,,
slow selection,11,0.0,False,3,True,True,False,False,False,False,True,0.65403,0.019452,0.0022105,0.42956,10,0.25329,0,,,
planted 0.5,11,0.013413153777783005,True,0,True,True,True,True,True,True,True,0.76166,0.040226,0.011132,0.72038,1,0.99813,0,0.902,0.78679,0.63274
planted 0.8,11,0.018388610058729223,True,0,True,True,True,True,True,True,True,0.7064,0.031394,0.010928,0.56046,1,0.99577,0,0.80797,0.646,0.46812
late slow timing,11,0.0,False,2,True,False,False,False,False,False,True,0.73925,0.031831,0.0038885,0.17755,1,0.69976,0,,,
rotation,11,0.0,False,2,True,False,False,False,False,False,True,0.60647,-0.014823,0.0027595,-0.56812,2,0.0067311,0,,,
binary rotation,11,0.0,False,3,True,True,False,False,False,False,False,0.7187,0.0070935,0.0031867,0.17316,2,0.50797,0,,,
top sector,11,0.0,False,2,True,False,False,False,False,False,True,0.1881,-0.083278,0.0032986,-0.73204,2,0.0007555,0,,,
near benchmark,11,0.0,False,3,True,True,False,False,False,True,True,0.71245,0.0018544,0.001192,0.13783,2,0.43304,0,,,
timing,12,0.0,False,2,True,False,False,False,False,False,True,0.50967,-0.0035589,0.011208,-0.066832,1,0.38437,0,,,
slow timing,12,0.0,False,3,True,True,False,False,False,False,True,0.59104,0.0073692,0.002252,0.15625,1,0.74026,0,,,
selection,12,0.0,False,4,True,True,True,False,False,True,True,0.59337,0.011152,0.011608,0.21031,10,0.24422,0,,,
slow selection,12,0.0,False,3,True,True,False,False,False,False,True,0.63359,0.015941,0.0025405,0.32102,10,0.38295,0,,,
planted 0.5,12,0.013413153777783005,True,0,True,True,True,True,True,True,True,0.6486,0.02348,0.011302,0.39414,1,0.9747,0,0.54605,0.35045,0.19983
planted 0.8,12,0.018388610058729223,True,0,True,True,True,True,True,True,True,0.83731,0.052989,0.011054,0.97229,1,0.99999,0,0.99385,0.97776,0.94029
late slow timing,12,0.0,False,2,True,False,False,False,False,False,True,0.57545,-0.030207,0.0022948,-0.20821,1,0.24522,0,,,
rotation,12,0.0,False,2,True,False,False,False,False,False,True,0.66103,-0.0050502,0.0027531,-0.18107,2,0.14156,0,,,
binary rotation,12,0.0,False,2,True,False,False,False,False,False,True,0.63744,-0.0071399,0.0034069,-0.16465,2,0.12372,0,,,
top sector,12,0.0,False,2,True,False,False,False,False,False,True,0.62666,0.0066085,0.00395,0.063029,2,0.39174,1,,,
near benchmark,12,0.0,False,5,True,True,True,True,False,True,False,0.75212,0.0083405,0.0010961,0.66342,2,0.97314,0,,,
timing,13,0.0,False,2,True,False,False,False,False,False,True,0.37488,-0.025016,0.011159,-0.40223,1,0.040203,0,,,
slow timing,13,0.0,False,2,True,False,False,False,False,False,True,0.50035,-0.0096967,0.0024977,-0.18468,1,0.22462,0,,,
selection,13,0.0,False,2,True,False,False,False,False,False,True,0.53043,0.0010332,0.010674,0.017859,10,0.068058,0,,,
slow selection,13,0.0,False,3,True,True,False,False,False,False,False,0.66514,0.020112,0.0021895,0.44737,10,0.51968,0,,,
planted 0.5,13,0.013413153777783005,False,2,True,False,False,False,False,False,True,0.48406,-0.0088986,0.010838,-0.15859,1,0.23421,0,0.01077,0.0025806,0.00056968
planted 0.8,13,0.018388610058729223,True,0,True,True,True,True,True,True,True,0.77889,0.046253,0.011002,0.80463,1,0.99984,0,0.97219,0.92163,0.8314
late slow timing,13,0.0,False,2,True,False,False,False,False,False,True,0.67201,-0.011842,0.0022101,-0.07657,1,0.4097,0,,,
rotation,13,0.0,False,2,True,False,False,False,False,False,False,0.68839,-0.00042676,0.002514,-0.017093,2,0.28135,0,,,
binary rotation,13,0.0,False,2,True,False,False,False,False,False,False,0.66709,-0.0020737,0.0034068,-0.048841,2,0.24476,0,,,
top sector,13,0.0,False,2,True,False,False,False,False,False,True,0.6531,0.013407,0.0041252,0.12909,2,0.46353,0,,,
near benchmark,13,0.0,False,2,True,False,False,False,False,True,True,0.67553,-0.0043874,0.0011254,-0.37081,2,0.027715,0,,,
timing,14,0.0,False,2,True,False,False,False,False,False,True,0.47475,-0.0078916,0.011333,-0.13005,1,0.27625,0,,,
slow timing,14,0.0,False,2,True,False,False,False,False,False,True,0.47837,-0.014209,0.0025099,-0.3155,1,0.1028,0,,,
selection,14,0.0,False,2,True,False,True,False,False,True,False,0.54382,0.0024446,0.011236,0.046845,10,0.085412,0,,,
slow selection,14,0.0,False,4,True,True,True,False,False,False,True,0.64715,0.019127,0.0026418,0.35687,10,0.25072,0,,,
planted 0.5,14,0.013413153777783005,False,7,True,True,True,True,True,True,False,0.80911,0.047183,0.011014,0.8968,1,0.99998,0,0.9937,0.97723,0.93891
planted 0.8,14,0.018388610058729223,True,0,True,True,True,True,True,True,True,0.6988,0.032153,0.01112,0.55872,1,0.99011,0,0.77528,0.60167,0.42096
late slow timing,14,0.0,False,3,True,True,False,False,False,False,True,1.0501,0.086578,0.0036388,0.38232,1,0.86226,0,,,
rotation,14,0.0,False,2,True,False,False,False,False,False,True,0.62412,-0.011857,0.0022337,-0.46577,2,0.02849,0,,,
binary rotation,14,0.0,False,2,True,False,False,False,False,True,True,0.54544,-0.024828,0.003409,-0.59308,2,0.0071349,0,,,
top sector,14,0.0,False,3,True,True,False,False,False,True,True,0.75212,0.036213,0.003677,0.32011,2,0.71221,0,,,
near benchmark,14,0.0,False,2,True,False,False,False,False,True,True,0.68439,-0.0028844,0.0011005,-0.24121,2,0.08964,0,,,
timing,15,0.0,False,2,True,False,False,False,False,False,True,0.43428,-0.015549,0.011341,-0.27371,1,0.11619,0,,,
slow timing,15,0.0,False,2,True,False,False,False,False,False,True,0.50733,-0.0077671,0.0023011,-0.16591,1,0.26284,0,,,
selection,15,0.0,False,4,True,True,True,False,False,True,False,0.64638,0.020605,0.011436,0.37559,10,0.51314,0,,,
slow selection,15,0.0,False,3,True,True,False,False,False,False,False,0.59272,0.0073533,0.002195,0.16405,10,0.19419,0,,,
planted 0.5,15,0.013413153777783005,True,0,True,True,True,True,True,True,True,0.65515,0.023085,0.011037,0.38988,1,0.9678,0,0.60489,0.40689,0.24344
planted 0.8,15,0.018388610058729223,True,0,True,True,True,True,True,True,True,0.77909,0.046809,0.011243,0.81432,1,0.99996,0,0.98621,0.95589,0.89397
late slow timing,15,0.0,False,2,True,False,False,False,False,False,True,0.29773,-0.081036,0.0040228,-0.39731,2,0.033517,0,,,
rotation,15,0.0,False,2,True,False,False,False,False,False,True,0.67734,-0.0020459,0.0024934,-0.071727,2,0.21976,0,,,
binary rotation,15,0.0,False,2,True,False,False,False,False,False,True,0.64322,-0.0067227,0.0030417,-0.16998,2,0.13499,0,,,
top sector,15,0.0,False,3,True,True,False,False,False,False,True,0.77059,0.039779,0.0038481,0.34319,1,0.87956,0,,,
near benchmark,15,0.0,False,2,True,False,False,False,False,True,True,0.69274,-0.0015471,0.0011725,-0.1391,2,0.1509,0,,,
timing,16,0.0,False,2,True,False,False,False,False,False,True,0.27541,-0.044627,0.010974,-0.82697,1,5.4075e-05,0,,,
slow timing,16,0.0,False,3,True,True,False,False,False,True,False,0.57285,0.0040207,0.0025547,0.085294,1,0.64229,0,,,
selection,16,0.0,False,4,True,True,True,False,False,True,False,0.61475,0.015638,0.011191,0.27093,10,0.32297,0,,,
slow selection,16,0.0,False,4,True,True,True,False,False,False,True,0.64736,0.01729,0.0024212,0.41415,10,0.34381,0,,,
planted 0.5,16,0.013413153777783005,True,0,True,True,True,True,True,True,True,0.7278,0.037824,0.011067,0.6504,1,0.99871,0,0.91576,0.80918,0.66077
planted 0.8,16,0.018388610058729223,True,0,True,True,True,True,True,True,True,0.80129,0.051227,0.011704,0.91043,1,0.99995,0,0.97091,0.91838,0.82533
late slow timing,16,0.0,False,2,True,False,False,False,False,False,True,0.96539,0.095465,0.0026422,0.39979,1,0.85919,0,,,
rotation,16,0.0,False,3,True,True,False,False,False,False,True,0.74818,0.010326,0.0022649,0.40233,2,0.84667,0,,,
binary rotation,16,0.0,False,2,True,False,False,False,False,False,True,0.61573,-0.011183,0.0029136,-0.25784,2,0.084751,0,,,
top sector,16,0.0,False,3,True,True,False,False,False,False,True,0.75131,0.031607,0.0031248,0.29859,1,0.88845,0,,,
near benchmark,16,0.0,False,2,True,False,False,False,False,True,False,0.69944,-0.00032543,0.0011189,-0.025141,2,0.27232,0,,,
timing,17,0.0,False,2,True,False,False,False,False,False,True,0.47421,-0.0097847,0.011346,-0.17182,1,0.25248,0,,,
slow timing,17,0.0,False,2,True,False,False,False,False,False,True,0.47151,-0.015994,0.0022051,-0.36229,1,0.074685,0,,,
selection,17,0.0,False,2,True,False,False,False,False,False,False,0.55011,0.0036018,0.011132,0.069127,10,0.10099,0,,,
slow selection,17,0.0,False,3,True,True,False,False,False,False,False,0.67553,0.023308,0.0024903,0.45776,10,0.39122,0,,,
planted 0.5,17,0.013413153777783005,True,0,True,True,True,True,True,True,True,0.68296,0.028836,0.011478,0.4855,1,0.98365,0,0.7119,0.52368,0.34514
planted 0.8,17,0.018388610058729223,True,0,True,True,True,True,True,True,True,0.81916,0.048934,0.011169,0.89808,1,0.99987,0,0.96735,0.91081,0.81322
late slow timing,17,0.0,False,2,True,False,False,False,False,False,True,0.92074,0.02774,0.0030396,0.18205,2,0.54209,0,,,
rotation,17,0.0,False,2,True,False,False,False,False,False,True,0.69532,0.0006971,0.0024029,0.029452,2,0.34014,0,,,
binary rotation,17,0.0,False,3,True,True,False,False,False,False,True,0.73431,0.010373,0.0034994,0.23778,2,0.61693,0,,,
top sector,17,0.0,False,2,True,False,False,False,False,False,True,0.3073,-0.068504,0.0038615,-0.48538,1,0.072985,0,,,
near benchmark,17,0.0,False,2,True,False,False,False,False,True,True,0.69162,-0.0016882,0.0011809,-0.14566,2,0.14388,0,,,
timing,18,0.0,False,4,True,True,True,False,False,True,False,0.59782,0.013116,0.011705,0.22146,1,0.84466,0,,,
slow timing,18,0.0,False,2,True,False,False,False,False,False,True,0.50924,-0.0082171,0.0023483,-0.16737,1,0.26608,0,,,
selection,18,0.0,False,2,True,False,False,False,False,False,True,0.54323,0.0023185,0.011234,0.044308,10,0.08341,0,,,
slow selection,18,0.0,False,4,True,True,True,False,False,True,False,0.69265,0.026483,0.0024661,0.53374,10,0.51931,0,,,
planted 0.5,18,0.013413153777783005,True,0,True,True,True,True,True,True,True,0.74086,0.038135,0.011381,0.63535,1,0.99778,0,0.89571,0.77479,0.61558
planted 0.8,18,0.018388610058729223,True,0,True,True,True,True,True,True,True,0.76289,0.038965,0.011149,0.74449,1,0.9997,0,0.95249,0.87987,0.76436
late slow timing,18,0.0,False,2,True,False,False,False,False,False,True,0.86731,0.0061196,0.0045589,0.026995,1,0.53206,0,,,
rotation,18,0.0,False,3,True,True,False,False,False,False,True,0.75657,0.011733,0.0023865,0.46155,2,0.86312,0,,,
binary rotation,18,0.0,False,3,True,True,False,False,False,False,True,0.73554,0.010045,0.0038243,0.24913,2,0.64414,0,,,
top sector,18,0.0,False,5,True,True,True,True,False,False,True,0.90375,0.057432,0.0044109,0.58359,1,0.98149,0,,,
near benchmark,18,0.0,False,2,True,False,False,False,False,True,True,0.65594,-0.007576,0.001103,-0.5675,2,0.0048545,0,,,
timing,19,0.0,False,2,True,False,False,False,False,False,True,0.5249,-0.00025031,0.011593,-0.0043978,1,0.4922,0,,,
slow timing,19,0.0,False,3,True,True,False,True,False,False,False,0.74825,0.036701,0.0024992,0.75887,1,0.99884,0,,,
selection,19,0.0,False,4,True,True,True,False,False,True,True,0.60223,0.013675,0.011407,0.23483,10,0.29161,0,,,
slow selection,19,0.0,False,3,True,True,False,False,False,False,True,0.67976,0.023886,0.0026967,0.49875,10,0.39925,0,,,
planted 0.5,19,0.013413153777783005,True,0,True,True,True,True,True,True,True,0.69528,0.027893,0.01086,0.52637,1,0.98566,0,0.69045,0.499,0.32259
planted 0.8,19,0.018388610058729223,True,0,True,True,True,True,True,True,True,0.87436,0.058768,0.01086,1.0422,1,1,0,0.99816,0.99209,0.97517
late slow timing,19,0.0,False,2,True,False,False,False,False,False,True,0.24716,-0.13714,0.0044002,-0.62888,1,0.05417,0,,,
rotation,19,0.0,False,2,True,False,False,False,False,False,True,0.684,-0.0011334,0.0025282,-0.044679,2,0.25393,0,,,
binary rotation,19,0.0,False,2,True,False,False,False,False,False,True,0.57474,-0.018871,0.0042971,-0.4456,2,0.020346,0,,,
top sector,19,0.0,False,2,True,False,False,False,False,False,True,0.225,-0.079409,0.0039446,-0.71516,2,0.0010282,1,,,
near benchmark,19,0.0,False,2,True,False,False,False,False,True,True,0.67903,-0.0037949,0.0011816,-0.33042,2,0.048037,0,,,
timing,20,0.0,False,2,True,False,True,False,False,False,False,0.51317,-0.0020156,0.011339,-0.035274,1,0.4359,0,,,
slow timing,20,0.0,False,3,True,True,False,False,False,True,True,0.61899,0.012435,0.0028042,0.25937,1,0.8863,0,,,
selection,20,0.0,False,2,True,False,True,False,False,False,False,0.55598,0.0049553,0.011532,0.090095,10,0.12659,0,,,
slow selection,20,0.0,False,3,True,True,False,False,False,False,False,0.65415,0.019169,0.0023114,0.40558,11,0.15773,0,,,
planted 0.5,20,0.013413153777783005,True,0,True,True,True,True,True,True,True,0.72544,0.034857,0.011126,0.64137,1,0.99813,0,0.90883,0.79884,0.64904
planted 0.8,20,0.018388610058729223,False,7,True,True,True,True,True,True,False,0.85705,0.059696,0.011486,1.0305,1,1,0,0.99855,0.99329,0.97775
late slow timing,20,0.0,False,2,True,False,False,False,False,False,True,0.69809,-0.036661,0.0052811,-0.1653,1,0.3081,0,,,
rotation,20,0.0,False,2,True,False,False,False,False,False,True,0.65848,-0.005902,0.0020475,-0.2479,2,0.087423,0,,,
binary rotation,20,0.0,False,2,True,False,False,False,False,False,True,0.59878,-0.015235,0.0037741,-0.39377,2,0.031624,0,,,
top sector,20,0.0,False,2,True,False,False,False,False,False,True,0.64741,0.013286,0.0042268,0.10501,1,0.63542,1,,,
near benchmark,20,0.0,False,4,True,True,True,False,False,True,True,0.73739,0.0058839,0.0011699,0.49518,2,0.89564,0,,,
timing,21,0.0,False,2,True,False,False,False,False,False,True,0.42325,-0.018342,0.011141,-0.32344,1,0.073836,0,,,
slow timing,21,0.0,False,2,True,False,False,False,False,False,True,0.53018,-0.0044416,0.0022937,-0.093645,1,0.3576,0,,,
selection,21,0.0,False,2,True,False,False,False,False,False,True,0.52139,-0.00092823,0.011236,-0.017475,10,0.04956,0,,,
slow selection,21,0.0,False,3,True,True,False,False,False,False,True,0.69638,0.028388,0.0022871,0.50317,10,0.59982,0,,,
planted 0.5,21,0.013413153777783005,True,0,True,True,True,True,True,True,True,0.62365,0.019922,0.011793,0.32013,1,0.94131,0,0.43366,0.25249,0.13037
planted 0.8,21,0.018388610058729223,False,7,True,True,True,True,True,True,False,0.81981,0.055424,0.011598,0.94304,1,0.99996,0,0.99099,0.96925,0.92156
late slow timing,21,0.0,False,2,True,False,False,False,False,False,True,0.52564,-0.0046979,0.0026011,-0.028428,2,0.27204,0,,,
rotation,21,0.0,False,2,True,False,False,False,False,False,True,0.65238,-0.0066593,0.0025902,-0.24354,2,0.10894,0,,,
binary rotation,21,0.0,False,2,True,False,False,False,False,False,True,0.60995,-0.012507,0.0035866,-0.29257,2,0.063171,0,,,
top sector,21,0.0,False,2,True,False,False,False,False,False,True,0.57511,0.0029403,0.0042271,0.02263,1,0.52753,0,,,
near benchmark,21,0.0,False,3,True,True,False,False,False,True,False,0.72012,0.0031108,0.0010928,0.24283,2,0.64684,0,,,
timing,22,0.0,False,2,True,False,False,False,False,False,True,0.3398,-0.032719,0.011135,-0.60377,1,0.0064876,0,,,
slow timing,22,0.0,False,3,True,True,False,False,False,True,True,0.61288,0.011468,0.0022439,0.24466,1,0.82861,0,,,
selection,22,0.0,False,2,True,False,False,False,False,False,True,0.51373,-0.0011101,0.011282,-0.018287,10,0.045379,0,,,
slow selection,22,0.0,False,4,True,True,True,False,False,True,True,0.61872,0.013211,0.002589,0.25459,10,0.18442,0,,,
planted 0.5,22,0.013413153777783005,True,0,True,True,True,True,True,True,True,0.71104,0.035225,0.011746,0.58811,1,0.99557,0,0.77409,0.59782,0.41492
planted 0.8,22,0.018388610058729223,True,0,True,True,True,True,True,True,True,0.75373,0.040663,0.011352,0.72096,1,0.99912,0,0.91706,0.81286,0.66745
late slow timing,22,0.0,False,2,True,False,False,False,False,False,True,0.79044,-0.024646,0.0044366,-0.09325,1,0.3961,0,,,
rotation,22,0.0,False,2,True,False,False,False,False,False,True,0.64854,-0.0072325,0.0027415,-0.25658,2,0.083082,0,,,
binary rotation,22,0.0,False,2,True,False,False,False,False,False,True,0.65252,-0.0045016,0.0034038,-0.10261,2,0.1879,0,,,
top sector,22,0.0,False,5,True,True,True,True,False,False,True,0.9212,0.073128,0.0030389,0.5951,1,0.97724,0,,,
near benchmark,22,0.0,False,4,True,True,True,False,False,False,True,0.71813,0.00272,0.00127,0.22283,2,0.58007,1,,,
timing,23,0.0,False,2,True,False,False,False,False,False,True,0.4457,-0.011782,0.011536,-0.18885,1,0.20549,0,,,
slow timing,23,0.0,False,2,True,False,False,False,False,False,True,0.52473,-0.0041074,0.0027058,-0.069511,1,0.38001,0,,,
selection,23,0.0,False,2,True,False,True,False,False,False,False,0.55826,0.0057695,0.011441,0.10214,10,0.12995,0,,,
slow selection,23,0.0,False,3,True,True,False,False,False,False,True,0.63064,0.014547,0.0024864,0.32238,10,0.45817,0,,,
planted 0.5,23,0.013413153777783005,True,0,True,True,True,True,True,True,True,0.71982,0.032729,0.010953,0.55601,1,0.99305,0,0.80621,0.64357,0.46548
planted 0.8,23,0.018388610058729223,True,0,True,True,True,True,True,True,True,0.71129,0.035159,0.011948,0.61227,1,0.99828,0,0.90041,0.78367,0.62816
late slow timing,23,0.0,False,2,True,False,False,False,False,False,True,0.75688,0.0134,0.0033435,0.056847,1,0.56282,0,,,
rotation,23,0.0,False,2,True,False,False,False,False,False,True,0.65839,-0.0056427,0.0024777,-0.21291,2,0.11833,0,,,
binary rotation,23,0.0,False,2,True,False,False,False,False,False,True,0.46459,-0.039123,0.0039461,-0.88992,2,0.00011937,0,,,
top sector,23,0.0,False,2,True,False,False,False,False,False,True,0.55087,-0.0077743,0.0045051,-0.074615,1,0.40912,0,,,
near benchmark,23,0.0,False,3,True,True,False,False,False,True,True,0.72635,0.0040811,0.0010261,0.32693,2,0.74299,0,,,
timing,24,0.0,False,2,True,False,False,False,False,False,True,0.44803,-0.012127,0.011735,-0.20221,1,0.16771,0,,,
slow timing,24,0.0,False,2,True,False,False,False,False,False,True,0.46023,-0.017688,0.0023397,-0.37147,2,0.012612,0,,,
selection,24,0.0,False,2,True,False,False,False,False,False,True,0.48394,-0.0066054,0.011116,-0.12011,10,0.018525,0,,,
slow selection,24,0.0,False,3,True,True,False,False,False,False,False,0.6956,0.027097,0.0025749,0.52499,10,0.56813,0,,,
planted 0.5,24,0.013413153777783005,True,0,True,True,True,True,True,True,True,0.63857,0.018714,0.010838,0.34519,1,0.95661,0,0.55794,0.36295,0.21025
planted 0.8,24,0.018388610058729223,True,0,True,True,True,True,True,True,True,0.82985,0.052921,0.011214,0.9409,1,0.99998,0,0.99486,0.9808,0.94695
late slow timing,24,0.0,False,6,True,True,True,True,True,False,True,1.2215,0.13306,0.0038961,0.71459,1,0.9696,0,,,
rotation,24,0.0,False,3,True,True,False,False,False,False,True,0.71141,0.0035493,0.0023676,0.15077,2,0.52571,0,,,
binary rotation,24,0.0,False,2,True,False,False,False,False,False,True,0.60139,-0.013502,0.00401,-0.3087,2,0.055485,0,,,
top sector,24,0.0,False,2,True,False,False,False,False,False,True,0.53195,-0.0079292,0.0035831,-0.075202,1,0.39058,1,,,
near benchmark,24,0.0,False,2,True,False,False,False,False,True,True,0.6684,-0.0055201,0.0010514,-0.45421,2,0.01408,0,,,
timing,25,0.0,False,2,True,False,False,False,False,False,True,0.48709,-0.0066627,0.011113,-0.12132,1,0.29755,0,,,
slow timing,25,0.0,False,3,True,True,False,False,False,False,True,0.57153,0.0035744,0.0023746,0.077625,1,0.6322,0,,,
selection,25,0.0,False,4,True,True,True,False,False,True,True,0.60277,0.013108,0.011347,0.23911,10,0.29999,0,,,
slow selection,25,0.0,False,3,True,True,False,False,False,False,True,0.595,0.0075943,0.0022829,0.17282,10,0.10899,0,,,
planted 0.5,25,0.013413153777783005,True,0,True,True,True,True,True,True,True,0.73878,0.036206,0.011304,0.65026,1,0.99627,0,0.87089,0.73932,0.5764
planted 0.8,25,0.018388610058729223,True,0,True,True,True,True,True,True,True,0.67696,0.027876,0.011391,0.49122,1,0.97971,0,0.68327,0.49173,0.31674
late slow timing,25,0.0,False,2,True,False,False,False,False,False,True,0.61861,-0.012185,0.0033038,-0.065056,1,0.42889,0,,,
rotation,25,0.0,False,3,True,True,False,False,False,False,True,0.71821,0.0049786,0.0024546,0.19348,2,0.57788,0,,,
binary rotation,25,0.0,False,2,True,False,False,False,False,False,True,0.6511,-0.004323,0.0034072,-0.097201,2,0.18952,0,,,
top sector,25,0.0,False,2,True,False,False,False,False,False,False,0.60091,0.0028988,0.0028419,0.027374,1,0.53835,0,,,
near benchmark,25,0.0,False,3,True,True,False,False,False,True,True,0.70903,0.0012745,0.0011496,0.096725,2,0.4203,0,,,
timing,26,0.0,False,2,True,False,False,False,False,False,True,0.49405,-0.005155,0.011423,-0.08685,1,0.35057,0,,,
slow timing,26,0.0,False,2,True,False,False,False,False,False,True,0.4344,-0.018767,0.0023063,-0.35481,1,0.043344,0,,,
selection,26,0.0,False,4,True,True,True,False,False,True,True,0.63047,0.019651,0.011288,0.31279,10,0.26466,0,,,
slow selection,26,0.0,False,4,True,True,True,False,False,True,False,0.65273,0.018014,0.0023642,0.38513,10,0.41032,0,,,
planted 0.5,26,0.013413153777783005,False,7,True,True,True,True,True,True,False,0.7749,0.043419,0.010904,0.80345,1,0.99981,0,0.97484,0.92809,0.84316
planted 0.8,26,0.018388610058729223,True,0,True,True,True,True,True,True,True,0.78737,0.045149,0.011649,0.8101,1,0.99945,0,0.95277,0.88093,0.7667
late slow timing,26,0.0,False,6,True,True,True,True,True,False,True,1.3182,0.20126,0.0036286,0.87481,2,0.98628,0,,,
rotation,26,0.0,False,2,True,False,False,False,False,False,True,0.67597,-0.0027187,0.0025113,-0.11216,2,0.19076,0,,,
binary rotation,26,0.0,False,2,True,False,False,False,False,False,True,0.69192,0.0023776,0.0038636,0.057302,2,0.37297,0,,,
top sector,26,0.0,False,2,True,False,False,False,False,False,True,0.57809,-0.0014778,0.0040427,-0.014723,2,0.28477,0,,,
near benchmark,26,0.0,False,4,True,True,True,False,False,True,True,0.72884,0.0045234,0.0011361,0.36933,2,0.78619,0,,,
timing,27,0.0,False,2,True,False,False,False,False,False,True,0.46666,-0.0097447,0.011544,-0.16236,1,0.20542,0,,,
slow timing,27,0.0,False,2,True,False,False,False,False,False,True,0.55108,-0.00020155,0.0024878,-0.0042583,2,0.29492,0,,,
selection,27,0.0,False,2,True,False,True,False,False,True,True,0.54155,0.0037163,0.011325,0.060421,10,0.09795,0,,,
slow selection,27,0.0,False,3,True,True,False,False,False,False,True,0.5715,0.0053666,0.0027593,0.095005,10,0.11798,0,,,
planted 0.5,27,0.013413153777783005,False,4,True,True,True,False,False,True,True,0.612,0.0151,0.011209,0.26481,1,0.87446,0,0.28821,0.14537,0.065159
planted 0.8,27,0.018388610058729223,True,0,True,True,True,True,True,True,True,0.98231,0.076841,0.011088,1.3892,1,1,0,1,1,0.99997
late slow timing,27,0.0,False,2,True,False,False,False,False,False,True,0.51224,-0.041067,0.0039777,-0.24948,2,0.10836,1,,,
rotation,27,0.0,False,3,True,True,False,False,False,False,True,0.73307,0.0073249,0.0024143,0.32228,2,0.7284,0,,,
binary rotation,27,0.0,False,2,True,False,False,False,False,False,True,0.69323,0.0031682,0.0035884,0.070879,2,0.39044,0,,,
top sector,27,0.0,False,2,True,False,False,False,False,False,True,0.36656,-0.042952,0.0038438,-0.40651,2,0.018648,0,,,
near benchmark,27,0.0,False,2,True,False,False,False,False,True,True,0.65752,-0.0073001,0.0011039,-0.57438,2,0.0098391,0,,,
timing,28,0.0,False,2,True,False,False,False,False,False,True,0.4955,-0.0054846,0.010769,-0.094306,1,0.34007,0,,,
slow timing,28,0.0,False,3,True,True,False,False,False,True,False,0.61392,0.013302,0.0026561,0.23148,1,0.85478,0,,,
selection,28,0.0,False,4,True,True,True,False,False,True,False,0.63806,0.019161,0.010679,0.33713,10,0.36249,0,,,
slow selection,28,0.0,False,3,True,True,False,False,False,False,True,0.60815,0.011054,0.0027594,0.22345,10,0.17412,0,,,
planted 0.5,28,0.013413153777783005,True,0,True,True,True,True,True,True,True,0.64719,0.022925,0.011088,0.40208,1,0.95029,0,0.50076,0.31021,0.17082
planted 0.8,28,0.018388610058729223,True,0,True,True,True,True,True,True,True,0.89108,0.064061,0.011102,1.1515,1,1,0,0.99912,0.99581,0.98559
late slow timing,28,0.0,False,3,True,True,False,True,False,False,False,1.1495,0.10947,0.0033604,0.57382,2,0.90576,0,,,
rotation,28,0.0,False,2,True,False,False,False,False,False,True,0.66893,-0.0036495,0.0025472,-0.13461,2,0.13553,0,,,
binary rotation,28,0.0,False,3,True,True,False,True,False,False,False,0.83104,0.027295,0.0040429,0.67188,2,0.96775,0,,,
top sector,28,0.0,False,2,True,False,False,False,False,True,True,0.40476,-0.037608,0.0031309,-0.26055,1,0.20343,0,,,
near benchmark,28,0.0,False,3,True,True,False,False,False,True,False,0.71515,0.0023741,0.0011786,0.16191,2,0.51046,0,,,
timing,29,0.0,False,2,True,False,False,False,False,False,True,0.3023,-0.038984,0.011473,-0.70855,1,0.0011789,0,,,
slow timing,29,0.0,False,2,True,False,False,False,False,False,True,0.52562,-0.0039399,0.0024144,-0.076581,1,0.37119,0,,,
selection,29,0.0,False,2,True,False,False,False,False,False,True,0.47149,-0.008434,0.011139,-0.14404,10,0.013756,0,,,
slow selection,29,0.0,False,3,True,True,False,False,False,False,True,0.65786,0.01962,0.0025651,0.39116,10,0.5176,0,,,
planted 0.5,29,0.013413153777783005,True,0,True,True,True,True,True,True,True,0.68541,0.026532,0.011001,0.48263,1,0.9913,0,0.79412,0.62832,0.45033
planted 0.8,29,0.018388610058729223,True,0,True,True,True,True,True,True,True,0.88075,0.059515,0.011474,1.0739,1,1,0,0.99901,0.99531,0.98392
late slow timing,29,0.0,False,2,True,False,False,False,False,False,True,0.3028,-0.08014,0.0021394,-0.43234,1,0.081396,0,,,
rotation,29,0.0,False,2,True,False,False,False,False,False,True,0.68916,0.00016548,0.0021133,0.0057102,2,0.30898,0,,,
binary rotation,29,0.0,False,2,True,False,False,False,False,False,True,0.63168,-0.0080291,0.0039054,-0.18231,2,0.11945,0,,,
top sector,29,0.0,False,6,True,True,True,True,True,False,False,1.061,0.093614,0.0035801,0.81801,1,0.99827,1,,,
near benchmark,29,0.0,False,3,True,True,False,False,False,True,True,0.72156,0.003337,0.0011728,0.26127,2,0.63394,0,,,
timing,30,0.0,False,2,True,False,False,False,False,False,True,0.43883,-0.014393,0.011577,-0.25115,1,0.14631,0,,,
slow timing,30,0.0,True,0,True,True,True,True,True,True,True,0.7214,0.029782,0.0024148,0.63649,1,0.99555,0,,,
selection,30,0.0,False,2,True,False,False,False,False,False,True,0.5148,-0.0018934,0.011373,-0.033785,10,0.043149,0,,,
slow selection,30,0.0,False,2,True,False,False,False,False,True,True,0.56393,0.0015547,0.0023452,0.037643,10,0.052684,0,,,
planted 0.5,30,0.013413153777783005,True,0,True,True,True,True,True,True,True,0.69872,0.030581,0.010992,0.5657,1,0.99386,0,0.82322,0.66582,0.48832
planted 0.8,30,0.018388610058729223,True,0,True,True,True,True,True,True,True,0.796,0.047142,0.011135,0.84823,1,0.99985,0,0.9647,0.90489,0.80327
late slow timing,30,0.0,False,2,True,False,False,False,False,False,True,0.94431,0.042393,0.0038364,0.23747,1,0.76615,0,,,
rotation,30,0.0,False,3,True,True,False,False,False,False,True,0.71304,0.0043482,0.0026146,0.15248,2,0.50205,0,,,
binary rotation,30,0.0,False,2,True,False,False,False,False,False,True,0.68051,0.00071969,0.0037597,0.016352,2,0.32128,0,,,
top sector,30,0.0,False,2,True,False,False,False,False,False,True,0.41382,-0.032227,0.0045048,-0.2856,2,0.045826,0,,,
near benchmark,30,0.0,False,3,True,True,False,False,False,True,True,0.70975,0.001386,0.0011455,0.10634,2,0.43203,0,,,
timing,31,0.0,False,2,True,False,False,False,False,False,True,0.45798,-0.013231,0.011203,-0.2524,1,0.14172,0,,,
slow timing,31,0.0,False,3,True,True,False,True,False,False,False,0.67819,0.023436,0.0023753,0.49139,1,0.95301,0,,,
selection,31,0.0,False,2,True,False,True,False,False,False,True,0.54104,0.0026621,0.011344,0.047445,10,0.085611,0,,,
slow selection,31,0.0,False,3,True,True,False,False,False,False,True,0.60686,0.0095364,0.0024823,0.2296,10,0.26279,0,,,
planted 0.5,31,0.013413153777783005,True,0,True,True,True,True,True,True,True,0.66312,0.023779,0.011298,0.45112,1,0.98139,0,0.64648,0.45115,0.28103
planted 0.8,31,0.018388610058729223,True,0,True,True,True,True,True,True,True,0.77801,0.045266,0.011219,0.79959,1,0.99975,0,0.96247,0.89985,0.79472
late slow timing,31,0.0,False,3,True,True,False,False,False,False,True,1.0216,0.079074,0.0030547,0.36015,1,0.86262,0,,,
rotation,31,0.0,False,4,True,True,True,False,False,False,False,0.76471,0.01322,0.0020839,0.49225,2,0.88491,0,,,
binary rotation,31,0.0,False,2,True,False,False,False,False,False,True,0.65296,-0.0049415,0.0037224,-0.12118,2,0.16927,0,,,
top sector,31,0.0,False,2,True,False,False,False,False,False,True,0.43502,-0.0308,0.0033134,-0.22004,2,0.10913,1,,,
near benchmark,31,0.0,False,3,True,True,False,False,False,True,True,0.71045,0.0014552,0.0011195,0.11993,2,0.45297,0,,,
timing,32,0.0,False,2,True,False,False,False,False,False,True,0.4102,-0.021191,0.011401,-0.38506,1,0.04498,0,,,
slow timing,32,0.0,False,3,True,True,False,False,False,False,True,0.63143,0.01515,0.0025964,0.30448,1,0.89033,0,,,
selection,32,0.0,False,2,True,False,False,False,False,False,True,0.51104,-0.0026761,0.010957,-0.049803,10,0.037312,0,,,
slow selection,32,0.0,False,3,True,True,False,False,False,True,True,0.65224,0.019303,0.0026297,0.38621,10,0.41221,0,,,
planted 0.5,32,0.013413153777783005,True,0,True,True,True,True,True,True,True,0.73561,0.037035,0.011042,0.68167,1,0.99883,0,0.9269,0.82967,0.68947
planted 0.8,32,0.018388610058729223,True,0,True,True,True,True,True,True,True,0.86882,0.060017,0.011706,1.1153,1,1,0,0.99828,0.99244,0.97585
late slow timing,32,0.0,False,1,False,False,False,False,False,False,True,0.53944,-0.040771,0.0025324,-0.2306,1,0.2368,1,,,
rotation,32,0.0,False,3,True,True,False,False,False,False,True,0.72402,0.0059249,0.0020613,0.23706,2,0.62454,0,,,
binary rotation,32,0.0,False,2,True,False,False,False,False,False,True,0.58135,-0.017223,0.0033664,-0.39605,2,0.03148,0,,,
top sector,32,0.0,False,2,True,False,False,False,False,False,True,0.55869,-0.0043228,0.0031244,-0.041035,2,0.2541,0,,,
near benchmark,32,0.0,False,2,True,False,False,False,False,True,True,0.66956,-0.0053426,0.0010878,-0.43986,2,0.015563,0,,,
timing,33,0.0,False,2,True,False,False,False,False,False,True,0.42915,-0.015817,0.011282,-0.29254,1,0.10375,0,,,
slow timing,33,0.0,False,2,True,False,False,False,False,False,True,0.49999,-0.0097502,0.0026187,-0.22531,2,0.081852,0,,,
selection,33,0.0,False,2,True,False,False,False,False,False,False,0.5523,0.0048484,0.011034,0.087542,10,0.12047,0,,,
slow selection,33,0.0,False,3,True,True,False,False,False,True,True,0.6031,0.0088977,0.0023922,0.20579,10,0.23393,0,,,
planted 0.5,33,0.013413153777783005,True,0,True,True,True,True,True,True,True,0.75705,0.039516,0.011494,0.67364,1,0.99979,0,0.96441,0.90218,0.79571
planted 0.8,33,0.018388610058729223,True,0,True,True,True,True,True,True,True,0.78781,0.043694,0.011052,0.76506,1,0.99958,0,0.93271,0.84131,0.70707
late slow timing,33,0.0,False,3,True,True,False,False,False,False,True,1.0015,0.045675,0.0039417,0.27961,1,0.77033,2,,,
rotation,33,0.0,False,2,True,False,False,False,False,False,True,0.59125,-0.017506,0.0025126,-0.67053,2,0.0033153,0,,,
binary rotation,33,0.0,False,2,True,False,False,False,False,False,True,0.54255,-0.025538,0.00371,-0.62649,2,0.0059614,0,,,
top sector,33,0.0,False,2,True,False,False,False,False,False,True,0.64263,0.014543,0.0050452,0.11942,1,0.64028,0,,,
near benchmark,33,0.0,False,2,True,False,False,False,False,True,True,0.65447,-0.0078706,0.0011139,-0.62655,2,0.0045234,0,,,
timing,34,0.0,False,2,True,False,False,False,False,False,False,0.50664,-0.0034334,0.011108,-0.062897,1,0.39049,0,,,
slow timing,34,0.0,False,3,True,True,False,False,False,True,True,0.59102,0.0079413,0.0027092,0.15617,1,0.74349,0,,,
selection,34,0.0,False,2,True,False,True,False,False,True,True,0.58099,0.0095495,0.011599,0.17033,10,0.20179,0,,,
slow selection,34,0.0,False,4,True,True,True,False,False,True,True,0.65992,0.019605,0.0023709,0.42793,10,0.080864,0,,,
planted 0.5,34,0.013413153777783005,True,0,True,True,True,True,True,True,True,0.71036,0.030603,0.011294,0.57585,1,0.99048,0,0.77128,0.59706,0.41678
planted 0.8,34,0.018388610058729223,True,0,True,True,True,True,True,True,True,0.84608,0.057466,0.011332,1.0129,1,0.99997,0,0.99124,0.96985,0.9226
late slow timing,34,0.0,False,2,True,False,False,False,False,False,True,0.97954,0.032827,0.0039984,0.15813,1,0.67958,0,,,
rotation,34,0.0,False,3,True,True,False,False,False,False,True,0.72665,0.0065538,0.0027275,0.24496,2,0.63115,0,,,
binary rotation,34,0.0,False,2,True,False,False,False,False,False,True,0.68248,0.00087719,0.003581,0.020482,2,0.32542,0,,,
top sector,34,0.0,False,2,True,False,False,False,False,False,True,0.5763,0.0015877,0.0041274,0.014486,2,0.31767,0,,,
near benchmark,34,0.0,False,2,True,False,False,False,False,True,True,0.68153,-0.0033328,0.0011133,-0.27061,2,0.085208,0,,,
timing,35,0.0,False,2,True,False,False,False,False,False,True,0.40143,-0.020948,0.011344,-0.38535,1,0.05914,0,,,
slow timing,35,0.0,False,2,True,False,False,False,False,True,True,0.51523,-0.006825,0.0021489,-0.14779,1,0.26226,0,,,
selection,35,0.0,False,2,True,False,False,False,False,False,True,0.55484,0.0049524,0.011185,0.090478,10,0.11345,0,,,
slow selection,35,0.0,False,3,True,True,False,False,False,False,True,0.67099,0.021543,0.0021803,0.49095,10,0.58311,0,,,
planted 0.5,35,0.013413153777783005,True,0,True,True,True,True,True,True,True,0.76966,0.041877,0.011474,0.77707,1,0.99997,0,0.99193,0.97186,0.92693
planted 0.8,35,0.018388610058729223,True,0,True,True,True,True,True,True,True,0.79317,0.047359,0.011491,0.85948,1,0.99987,0,0.98064,0.94149,0.86638
late slow timing,35,0.0,False,2,True,False,False,False,False,False,True,0.55669,-0.051344,0.0031258,-0.35457,2,0.062831,0,,,
rotation,35,0.0,False,2,True,False,False,False,False,False,True,0.65173,-0.0066119,0.002448,-0.23848,2,0.091099,0,,,
binary rotation,35,0.0,False,2,True,False,False,False,False,False,True,0.62074,-0.010274,0.0036891,-0.23178,2,0.089295,0,,,
top sector,35,0.0,False,2,True,False,False,False,False,False,True,0.43162,-0.019345,0.0029369,-0.16589,1,0.29328,0,,,
near benchmark,35,0.0,False,3,True,True,False,False,False,True,False,0.7229,0.0035299,0.0011542,0.28687,2,0.68152,0,,,
timing,36,0.0,False,2,True,False,False,False,False,False,False,0.51212,-0.0023296,0.011183,-0.040097,1,0.4287,0,,,
slow timing,36,0.0,False,2,True,False,False,False,False,False,True,0.49164,-0.011573,0.0025102,-0.25877,1,0.13358,0,,,
selection,36,0.0,False,2,True,False,False,False,False,False,True,0.48235,-0.0073457,0.010794,-0.1333,10,0.012418,0,,,
slow selection,36,0.0,False,4,True,True,True,False,False,False,True,0.68777,0.025803,0.0024112,0.58011,10,0.58234,0,,,
planted 0.5,36,0.013413153777783005,True,0,True,True,True,True,True,True,True,0.80767,0.048024,0.011379,0.86371,1,0.99994,0,0.98426,0.9515,0.88671
planted 0.8,36,0.018388610058729223,True,0,True,True,True,True,True,True,True,0.82138,0.050235,0.011094,0.92336,1,0.99994,0,0.98864,0.9629,0.90885
late slow timing,36,0.0,False,2,True,False,False,False,False,False,True,0.52937,-0.012865,0.0022652,-0.089529,1,0.38342,0,,,
rotation,36,0.0,False,2,True,False,False,False,False,False,True,0.69907,0.0018319,0.0021416,0.065068,2,0.3979,0,,,
binary rotation,36,0.0,False,2,True,False,False,False,False,False,True,0.67558,-0.00058644,0.0041297,-0.01397,2,0.2554,0,,,
top sector,36,0.0,False,3,True,True,False,True,False,False,True,0.79963,0.045386,0.0045088,0.39257,1,0.91482,0,,,
near benchmark,36,0.0,False,2,True,False,False,False,False,True,True,0.70188,4.2147e-05,0.001101,0.0034272,2,0.30671,0,,,
timing,37,0.0,False,2,True,False,False,False,False,False,True,0.51992,-0.00085336,0.011218,-0.015326,1,0.47487,0,,,
slow timing,37,0.0,False,3,True,True,False,False,False,False,True,0.62981,0.014845,0.0025772,0.29623,2,0.7697,0,,,
selection,37,0.0,False,2,True,False,False,False,False,False,True,0.49446,-0.0050661,0.010937,-0.0859,10,0.026651,0,,,
slow selection,37,0.0,False,2,True,False,False,False,False,False,True,0.56139,0.00211,0.0024133,0.042372,10,0.051448,0,,,
planted 0.5,37,0.013413153777783005,True,0,True,True,True,True,True,True,True,0.72663,0.036805,0.0116,0.59698,1,0.99411,0,0.82797,0.67292,0.49655
planted 0.8,37,0.018388610058729223,True,0,True,True,True,True,True,True,True,0.78219,0.04643,0.011361,0.82084,1,0.99991,0,0.97489,0.92839,0.84399
late slow timing,37,0.0,False,1,False,False,False,False,False,False,True,0.72538,-0.03584,0.0026301,-0.20967,1,0.26901,0,,,
rotation,37,0.0,False,2,True,False,False,False,False,False,True,0.60869,-0.014613,0.0025613,-0.58213,2,0.015086,0,,,
binary rotation,37,0.0,False,3,True,True,False,False,False,False,True,0.70459,0.0047217,0.0034969,0.112,2,0.45854,0,,,
top sector,37,0.0,False,2,True,False,False,False,False,False,True,0.34885,-0.055532,0.0035798,-0.41941,1,0.093004,0,,,
near benchmark,37,0.0,False,2,True,False,False,False,False,True,True,0.70541,0.00065647,0.0011224,0.051452,2,0.37283,0,,,
timing,38,0.0,False,2,True,False,False,False,False,False,True,0.37534,-0.027045,0.011271,-0.5292,1,0.008981,0,,,
slow timing,38,0.0,False,2,True,False,False,False,False,False,True,0.44218,-0.019278,0.0023041,-0.40861,2,0.017239,0,,,
selection,38,0.0,False,2,True,False,True,False,False,False,False,0.53113,0.00057329,0.011288,0.010209,10,0.06325,0,,,
slow selection,38,0.0,False,3,True,True,False,False,False,False,True,0.61655,0.01207,0.0025136,0.25586,10,0.13942,0,,,
planted 0.5,38,0.013413153777783005,False,4,True,True,True,False,False,True,True,0.60314,0.012859,0.011207,0.224,1,0.85392,0,0.28616,0.14427,0.064686
planted 0.8,38,0.018388610058729223,True,0,True,True,True,True,True,True,True,0.69969,0.031312,0.011218,0.54169,1,0.99041,0,0.72242,0.53622,0.35697
late slow timing,38,0.0,False,3,True,True,False,False,False,False,True,1.0213,0.098326,0.0039175,0.37318,1,0.86936,1,,,
rotation,38,0.0,False,2,True,False,False,False,False,False,False,0.66504,-0.0043204,0.0024333,-0.1579,2,0.14786,0,,,
binary rotation,38,0.0,False,2,True,False,False,False,False,False,True,0.63387,-0.0074273,0.0032172,-0.16246,2,0.15148,0,,,
top sector,38,0.0,False,2,True,False,False,False,False,False,True,0.7023,0.020144,0.004575,0.19626,2,0.56206,0,,,
near benchmark,38,0.0,False,4,True,True,True,False,False,True,True,0.7338,0.0053378,0.0011762,0.42046,2,0.85829,0,,,
timing,39,0.0,False,2,True,False,False,False,False,False,True,0.40384,-0.022033,0.011442,-0.38652,1,0.042231,0,,,
slow timing,39,0.0,False,3,True,True,False,True,False,False,True,0.62663,0.013222,0.0024354,0.32207,1,0.91646,0,,,
selection,39,0.0,False,2,True,False,True,False,False,False,True,0.50671,-0.0034553,0.011478,-0.059203,10,0.033492,0,,,
slow selection,39,0.0,False,4,True,True,True,False,False,True,True,0.65225,0.018224,0.0023352,0.40156,10,0.39722,0,,,
planted 0.5,39,0.013413153777783005,True,0,True,True,True,True,True,True,True,0.71615,0.0341,0.010868,0.60205,1,0.9929,0,0.81295,0.65304,0.47589
planted 0.8,39,0.018388610058729223,True,0,True,True,True,True,True,True,True,0.67326,0.027374,0.011273,0.49951,1,0.97146,0,0.5466,0.35254,0.20251
late slow timing,39,0.0,False,2,True,False,False,False,False,False,True,0.64507,-0.017945,0.0040267,-0.084561,2,0.22034,0,,,
rotation,39,0.0,False,3,True,True,False,False,False,False,True,0.70998,0.0031925,0.0025088,0.14255,2,0.46064,0,,,
binary rotation,39,0.0,False,2,True,False,False,False,False,False,True,0.5893,-0.016058,0.0038502,-0.37113,2,0.030945,0,,,
top sector,39,0.0,False,3,True,True,False,False,False,True,False,0.75235,0.029952,0.0038571,0.30576,1,0.85741,0,,,
near benchmark,39,0.0,False,2,True,False,False,False,False,True,True,0.64777,-0.0089531,0.0011282,-0.75823,2,0.0016202,0,,,
timing,40,0.0,False,2,True,False,False,False,False,False,True,0.43243,-0.017006,0.011305,-0.2775,1,0.10025,0,,,
slow timing,40,0.0,False,3,True,True,False,False,False,True,True,0.60118,0.0092535,0.0022439,0.19329,1,0.77599,0,,,
selection,40,0.0,False,2,True,False,True,False,False,False,True,0.52064,-0.0013411,0.011524,-0.025195,10,0.042482,0,,,
slow selection,40,0.0,False,4,True,True,True,False,False,False,False,0.69492,0.026459,0.0023668,0.52141,10,0.2755,0,,,
planted 0.5,40,0.013413153777783005,True,0,True,True,True,True,True,True,True,0.74464,0.037908,0.011504,0.70831,1,0.99968,0,0.96772,0.91181,0.81515
planted 0.8,40,0.018388610058729223,True,0,True,True,True,True,True,True,True,0.67527,0.02747,0.011264,0.46075,1,0.98596,0,0.72097,0.53333,0.35324
late slow timing,40,0.0,False,2,True,False,False,False,False,False,True,0.71183,-0.019656,0.0043032,-0.086461,1,0.40885,0,,,
rotation,40,0.0,False,2,True,False,False,False,False,False,True,0.65787,-0.0057576,0.0024166,-0.2268,2,0.11368,0,,,
binary rotation,40,0.0,False,2,True,False,False,False,False,False,True,0.61767,-0.011435,0.0040366,-0.27879,2,0.062444,0,,,
top sector,40,0.0,False,2,True,False,False,False,False,False,True,0.46575,-0.025064,0.0031252,-0.24234,1,0.17688,2,,,
near benchmark,40,0.0,False,2,True,False,False,False,False,True,True,0.66438,-0.0061704,0.0010885,-0.47889,2,0.021266,0,,,
timing,41,0.0,False,2,True,False,False,False,False,False,True,0.38331,-0.024661,0.010899,-0.45613,1,0.026299,0,,,
slow timing,41,0.0,False,2,True,False,False,False,False,True,True,0.55783,0.00053452,0.0022546,0.012727,1,0.51993,0,,,
selection,41,0.0,False,2,True,False,False,False,False,False,True,0.51561,-0.00088313,0.011412,-0.014205,10,0.051236,0,,,
slow selection,41,0.0,False,4,True,True,True,False,False,True,True,0.66169,0.020379,0.0024281,0.39817,11,0.4803,0,,,
planted 0.5,41,0.013413153777783005,True,0,True,True,True,True,True,True,True,0.75647,0.037672,0.011077,0.66779,1,0.99768,0,0.88603,0.76126,0.60116
planted 0.8,41,0.018388610058729223,True,0,True,True,True,True,True,True,True,0.8834,0.061209,0.011352,1.1209,1,1,0,0.9994,0.9969,0.98869
late slow timing,41,0.0,False,6,True,True,True,True,True,False,True,1.3367,0.17618,0.0030501,0.88921,1,0.9914,0,,,
rotation,41,0.0,False,2,True,False,False,False,False,False,True,0.58673,-0.018284,0.0027414,-0.71469,2,0.0036017,0,,,
binary rotation,41,0.0,False,2,True,False,False,False,False,False,True,0.61067,-0.011579,0.003401,-0.26517,2,0.079684,0,,,
top sector,41,0.0,False,2,True,False,False,False,False,False,True,0.50931,-0.018108,0.0035008,-0.18261,2,0.11695,0,,,
near benchmark,41,0.0,False,2,True,False,False,False,False,True,True,0.66035,-0.0068358,0.0011354,-0.53032,2,0.0093935,0,,,
timing,42,0.0,False,2,True,False,True,False,False,True,True,0.56623,0.0075991,0.011128,0.12968,1,0.71877,0,,,
slow timing,42,0.0,False,4,True,True,True,False,False,True,True,0.61117,0.011671,0.0030205,0.22982,1,0.85152,0,,,
selection,42,0.0,False,2,True,False,True,False,False,False,True,0.53652,0.0014097,0.011571,0.025623,10,0.039545,0,,,
slow selection,42,0.0,False,4,True,True,True,False,False,True,False,0.62924,0.013813,0.0022503,0.30433,10,0.26714,0,,,
planted 0.5,42,0.013413153777783005,True,0,True,True,True,True,True,True,True,0.66385,0.024181,0.011226,0.40297,1,0.95228,0,0.53263,0.3371,0.18922
planted 0.8,42,0.018388610058729223,False,7,True,True,True,True,True,True,False,0.76284,0.039145,0.011184,0.70845,1,0.99904,0,0.93185,0.8395,0.70422
late slow timing,42,0.0,False,3,True,True,False,True,False,False,True,1.0473,0.10285,0.0039796,0.45572,1,0.90139,0,,,
rotation,42,0.0,False,2,True,False,False,False,False,False,True,0.66043,-0.004901,0.0022855,-0.16825,2,0.13274,0,,,
binary rotation,42,0.0,False,3,True,True,False,False,False,False,False,0.74363,0.01155,0.003816,0.28191,2,0.69081,0,,,
top sector,42,0.0,False,3,True,True,False,False,False,False,True,0.75614,0.030773,0.0039595,0.30358,2,0.73759,0,,,
near benchmark,42,0.0,False,2,True,False,False,False,False,True,True,0.69065,-0.0016729,0.001149,-0.11681,2,0.18174,0,,,
timing,43,0.0,False,2,True,False,False,False,False,False,True,0.46525,-0.011104,0.011559,-0.19925,1,0.18019,0,,,
slow timing,43,0.0,False,3,True,True,False,True,False,False,True,0.63474,0.015113,0.0025949,0.34002,1,0.95418,0,,,
selection,43,0.0,False,2,True,False,False,False,False,False,False,0.50393,-0.0038255,0.011019,-0.063301,10,0.030704,0,,,
slow selection,43,0.0,False,3,True,True,False,False,False,True,True,0.63647,0.014533,0.0022098,0.36863,11,0.29229,0,,,
planted 0.5,43,0.013413153777783005,False,2,True,False,True,False,False,True,True,0.57995,0.0095018,0.011281,0.16526,1,0.76949,0,0.20255,0.091793,0.037083
planted 0.8,43,0.018388610058729223,True,0,True,True,True,True,True,True,True,0.87374,0.060289,0.011761,1.0798,1,1,0,0.99839,0.99281,0.97672
late slow timing,43,0.0,False,2,True,False,False,False,False,False,True,0.41709,-0.08075,0.0028256,-0.44005,2,0.027171,0,,,
rotation,43,0.0,False,2,True,False,False,False,False,False,True,0.7009,0.0018847,0.0024511,0.07357,2,0.38909,0,,,
binary rotation,43,0.0,False,3,True,True,False,False,False,False,True,0.71465,0.0063415,0.003584,0.15532,2,0.49127,0,,,
top sector,43,0.0,False,3,True,True,False,False,False,False,True,0.72124,0.02617,0.0034059,0.2486,2,0.67237,0,,,
near benchmark,43,0.0,False,2,True,False,False,False,False,True,True,0.66561,-0.005995,0.0010581,-0.47415,2,0.019298,0,,,
timing,44,0.0,False,2,True,False,False,False,False,False,True,0.29462,-0.040415,0.011381,-0.75663,1,0.00028786,0,,,
slow timing,44,0.0,False,2,True,False,False,False,False,False,True,0.5017,-0.0087607,0.0027103,-0.19155,1,0.21177,0,,,
selection,44,0.0,False,2,True,False,False,False,False,False,True,0.52575,-0.00012538,0.011112,-0.0022194,10,0.056583,0,,,
slow selection,44,0.0,False,3,True,True,False,False,False,False,True,0.61941,0.011701,0.0025139,0.28686,10,0.33296,0,,,
planted 0.5,44,0.013413153777783005,True,0,True,True,True,True,True,True,True,0.63274,0.021228,0.011125,0.35996,1,0.9472,0,0.51611,0.32297,0.17942
planted 0.8,44,0.018388610058729223,True,0,True,True,True,True,True,True,True,0.77704,0.045684,0.010862,0.79085,1,0.99964,0,0.9553,0.88536,0.77255
late slow timing,44,0.0,False,2,True,False,False,False,False,False,True,0.41036,-0.12043,0.0036344,-0.55639,1,0.040365,0,,,
rotation,44,0.0,False,2,True,False,False,False,False,False,True,0.68562,-0.00084294,0.002807,-0.032923,2,0.25828,0,,,
binary rotation,44,0.0,False,2,True,False,False,False,False,False,True,0.60212,-0.014051,0.0038261,-0.33534,2,0.053046,0,,,
top sector,44,0.0,False,6,True,True,True,True,True,False,False,0.91275,0.066638,0.0052425,0.58341,2,0.9174,0,,,
near benchmark,44,0.0,False,3,True,True,False,False,False,True,True,0.70825,0.0011026,0.0011047,0.089627,2,0.4212,0,,,
timing,45,0.0,False,2,True,False,False,False,False,False,True,0.38187,-0.026541,0.011216,-0.53219,1,0.014908,0,,,
slow timing,45,0.0,False,6,True,True,True,True,True,False,True,0.65081,0.01867,0.0025437,0.40218,1,0.97075,0,,,
selection,45,0.0,False,2,True,False,False,False,False,False,True,0.49478,-0.0050201,0.011291,-0.086894,10,0.024477,0,,,
slow selection,45,0.0,False,3,True,True,False,False,False,False,True,0.60499,0.0087293,0.0023761,0.22511,10,0.24449,0,,,
planted 0.5,45,0.013413153777783005,True,0,True,True,True,True,True,True,True,0.69112,0.027755,0.01148,0.48491,1,0.97988,0,0.6868,0.4965,0.32167
planted 0.8,45,0.018388610058729223,True,0,True,True,True,True,True,True,True,0.7337,0.034068,0.011018,0.65153,1,0.99807,0,0.90752,0.79676,0.6465
late slow timing,45,0.0,False,2,True,False,False,False,False,False,True,0.47161,-0.020378,0.00292,-0.12239,1,0.34068,1,,,
rotation,45,0.0,False,2,True,False,False,False,False,False,True,0.64305,-0.008077,0.0025983,-0.27445,2,0.078414,0,,,
binary rotation,45,0.0,False,2,True,False,False,False,False,False,True,0.67273,-0.00064752,0.0038562,-0.014451,2,0.2824,0,,,
top sector,45,0.0,False,2,True,False,False,False,False,False,True,0.63681,0.0081298,0.0041198,0.075534,2,0.39712,0,,,
near benchmark,45,0.0,False,4,True,True,True,False,False,True,True,0.73325,0.0052325,0.0011088,0.41816,2,0.84492,0,,,
timing,46,0.0,False,2,True,False,False,False,False,False,False,0.52678,0.00030841,0.011179,0.0052543,1,0.50948,0,,,
slow timing,46,0.0,False,2,True,False,False,False,False,False,True,0.51106,-0.0083753,0.0022085,-0.20887,1,0.17659,0,,,
selection,46,0.0,False,2,True,False,False,False,False,False,True,0.50897,-0.0019706,0.011574,-0.032582,10,0.041569,0,,,
slow selection,46,0.0,False,3,True,True,False,False,False,True,True,0.61356,0.010949,0.0022862,0.25037,10,0.3126,0,,,
planted 0.5,46,0.013413153777783005,True,0,True,True,True,True,True,True,True,0.73643,0.036387,0.011761,0.70774,1,0.99944,0,0.95438,0.88329,0.76906
planted 0.8,46,0.018388610058729223,True,0,True,True,True,True,True,True,True,0.88226,0.06102,0.01103,1.1057,1,1,0,0.99957,0.99773,0.99147
late slow timing,46,0.0,False,2,True,False,False,False,False,False,True,0.84844,-0.0015334,0.0032725,-0.0078072,2,0.29294,0,,,
rotation,46,0.0,False,2,True,False,False,False,False,False,False,0.6546,-0.0063548,0.0022521,-0.24341,2,0.092275,0,,,
binary rotation,46,0.0,False,2,True,False,False,False,False,False,True,0.58319,-0.017119,0.0032288,-0.38564,2,0.029356,0,,,
top sector,46,0.0,False,2,True,False,False,False,False,False,True,0.54628,-0.0070116,0.0046865,-0.06512,1,0.41728,0,,,
near benchmark,46,0.0,False,3,True,True,False,False,False,True,True,0.71184,0.0017296,0.0011573,0.13391,2,0.49001,0,,,
timing,47,0.0,False,2,True,False,False,False,False,False,True,0.43636,-0.016011,0.011199,-0.28914,1,0.075874,0,,,
slow timing,47,0.0,False,3,True,True,False,False,False,False,True,0.57718,0.0045862,0.0023903,0.10055,1,0.67168,0,,,
selection,47,0.0,False,2,True,False,False,False,False,False,True,0.52128,-0.00030139,0.011785,-0.0051479,10,0.054998,0,,,
slow selection,47,0.0,False,3,True,True,False,False,False,False,True,0.63775,0.015824,0.0024058,0.3304,10,0.41119,0,,,
planted 0.5,47,0.013413153777783005,True,0,True,True,True,True,True,True,True,0.76425,0.04268,0.011328,0.76719,1,0.99955,0,0.94539,0.86568,0.7428
planted 0.8,47,0.018388610058729223,True,0,True,True,True,True,True,True,True,0.79057,0.048125,0.011403,0.81715,1,0.99959,0,0.96415,0.90533,0.80641
late slow timing,47,0.0,False,2,True,False,False,False,False,False,True,0.85692,0.032936,0.0046956,0.131,1,0.62094,0,,,
rotation,47,0.0,False,2,True,False,False,False,False,False,True,0.68255,-0.0012698,0.0026954,-0.047661,2,0.24107,0,,,
binary rotation,47,0.0,False,2,True,False,False,False,False,False,True,0.67511,-0.00032299,0.0034084,-0.0073172,2,0.29216,0,,,
top sector,47,0.0,False,2,True,False,False,False,False,False,True,0.33281,-0.053118,0.0046859,-0.51159,1,0.045526,0,,,
near benchmark,47,0.0,False,2,True,False,False,False,False,True,True,0.68335,-0.003114,0.0010983,-0.27092,2,0.072212,0,,,
timing,48,0.0,False,2,True,False,True,False,False,False,False,0.50031,-0.0045053,0.011107,-0.080296,1,0.35485,0,,,
slow timing,48,0.0,False,2,True,False,False,False,False,False,True,0.49304,-0.010764,0.0021832,-0.25768,1,0.13567,0,,,
selection,48,0.0,False,2,True,False,True,False,False,True,True,0.56917,0.0074931,0.01141,0.13493,10,0.181,0,,,
slow selection,48,0.0,False,4,True,True,True,False,False,True,False,0.70715,0.030587,0.0023746,0.59667,11,0.38331,0,,,
planted 0.5,48,0.013413153777783005,False,7,True,True,True,True,True,True,False,0.73765,0.038466,0.011487,0.65362,1,0.99801,0,0.85819,0.71847,0.54995
planted 0.8,48,0.018388610058729223,True,0,True,True,True,True,True,True,True,0.91482,0.068642,0.01121,1.2807,1,1,0,0.99992,0.99947,0.99758
late slow timing,48,0.0,False,3,True,True,False,False,False,False,True,1.0114,0.081443,0.0034645,0.43385,2,0.79083,0,,,
rotation,48,0.0,False,2,True,False,False,False,False,False,True,0.61127,-0.013701,0.0022735,-0.46772,2,0.019437,0,,,
binary rotation,48,0.0,False,2,True,False,False,False,False,False,True,0.61418,-0.012297,0.0035822,-0.30856,2,0.058877,0,,,
top sector,48,0.0,False,5,True,True,True,True,False,False,False,0.86732,0.070153,0.0047875,0.50764,1,0.95007,0,,,
near benchmark,48,0.0,False,3,True,True,False,False,False,True,True,0.71414,0.0020853,0.0010863,0.1672,2,0.50559,0,,,
timing,49,0.0,False,2,True,False,True,False,False,True,True,0.55013,0.0045903,0.010934,0.079569,1,0.63766,0,,,
slow timing,49,0.0,False,2,True,False,False,False,False,False,True,0.496,-0.011385,0.0024102,-0.26525,1,0.15938,0,,,
selection,49,0.0,False,4,True,True,True,False,False,True,False,0.59296,0.010851,0.011119,0.20816,10,0.21434,0,,,
slow selection,49,0.0,False,3,True,True,False,False,False,False,True,0.60232,0.009087,0.0024436,0.2,10,0.23156,0,,,
planted 0.5,49,0.013413153777783005,True,0,True,True,True,True,True,True,True,0.71964,0.032934,0.0109,0.60558,1,0.99117,0,0.79157,0.62455,0.44601
planted 0.8,49,0.018388610058729223,True,0,True,True,True,True,True,True,True,0.78905,0.046564,0.011096,0.84168,1,0.99992,0,0.97846,0.93647,0.85772
late slow timing,49,0.0,False,6,True,True,True,True,True,False,False,1.3623,0.21522,0.0033382,0.97496,1,0.99903,0,,,
rotation,49,0.0,False,2,True,False,False,False,False,False,True,0.69293,0.00052144,0.0025203,0.019994,2,0.32667,0,,,
binary rotation,49,0.0,False,2,True,False,False,False,False,False,False,0.65741,-0.0036088,0.0036586,-0.082807,2,0.20293,0,,,
top sector,49,0.0,False,2,True,False,False,False,False,False,True,0.65557,0.0092007,0.0030306,0.095189,2,0.4363,0,,,
near benchmark,49,0.0,False,5,True,True,True,True,False,True,False,0.75217,0.0082998,0.0011047,0.69267,2,0.96485,0,,,
timing,50,0.0,False,2,True,False,False,False,False,False,False,0.41761,-0.019265,0.011034,-0.34972,1,0.056816,0,,,
slow timing,50,0.0,False,6,True,True,True,True,True,False,False,0.74565,0.036541,0.0025356,0.78198,1,0.99943,0,,,
selection,50,0.0,False,4,True,True,True,False,False,True,True,0.60488,0.013303,0.011176,0.24455,10,0.24573,0,,,
slow selection,50,0.0,False,3,True,True,False,False,False,True,True,0.58092,0.0055107,0.0025068,0.1172,10,0.13286,0,,,
planted 0.5,50,0.013413153777783005,True,0,True,True,True,True,True,True,True,0.65482,0.022488,0.011365,0.42438,1,0.96898,0,0.58501,0.3887,0.23006
planted 0.8,50,0.018388610058729223,True,0,True,True,True,True,True,True,True,0.85617,0.05249,0.010943,0.94559,1,0.99996,0,0.9916,0.97126,0.92638
late slow timing,50,0.0,False,2,True,False,False,False,False,False,True,0.33359,-0.044276,0.0028896,-0.21555,1,0.25156,0,,,
rotation,50,0.0,False,2,True,False,False,False,False,False,True,0.69821,0.0014442,0.0026177,0.055761,2,0.37813,0,,,
binary rotation,50,0.0,False,2,True,False,False,False,False,False,True,0.69459,0.0030997,0.0034113,0.071795,2,0.34898,0,,,
top sector,50,0.0,False,1,False,False,False,False,False,False,True,0.15576,-0.086319,0.0025651,-0.84651,1,0.00084999,1,,,
near benchmark,50,0.0,False,2,True,False,False,False,False,True,True,0.65865,-0.0071942,0.0010359,-0.60972,2,0.0024761,0,,,
timing,51,0.0,False,2,True,False,False,False,False,False,True,0.40102,-0.021436,0.011152,-0.40807,1,0.028534,0,,,
slow timing,51,0.0,False,2,True,False,False,False,False,True,False,0.56755,0.003061,0.0022269,0.064479,1,0.61537,0,,,
selection,51,0.0,False,2,True,False,True,False,False,True,True,0.52986,0.00043361,0.011508,0.0078006,10,0.061605,0,,,
slow selection,51,0.0,False,4,True,True,True,False,False,True,False,0.63155,0.013928,0.0024752,0.31818,10,0.30127,0,,,
planted 0.5,51,0.013413153777783005,True,0,True,True,True,True,True,True,True,0.72171,0.033993,0.011459,0.62577,1,0.99711,0,0.87561,0.7444,0.58005
planted 0.8,51,0.018388610058729223,True,0,True,True,True,True,True,True,True,0.71075,0.034603,0.011473,0.5587,1,0.99391,0,0.82132,0.66199,0.48297
late slow timing,51,0.0,False,2,True,False,False,False,False,False,True,0.77987,0.013201,0.0036687,0.06063,1,0.55975,0,,,
rotation,51,0.0,False,2,True,False,False,False,False,False,True,0.68734,-0.00037829,0.0025067,-0.013909,2,0.28228,0,,,
binary rotation,51,0.0,False,2,True,False,False,False,False,False,True,0.60193,-0.01437,0.0031719,-0.34896,2,0.048104,0,,,
top sector,51,0.0,False,2,True,False,False,False,False,False,True,0.46662,-0.026305,0.0029393,-0.19693,1,0.23613,0,,,
near benchmark,51,0.0,False,3,True,True,False,False,False,True,True,0.71357,0.0019825,0.0010969,0.16229,2,0.50182,0,,,
timing,52,0.0,False,2,True,False,False,False,False,False,True,0.4964,-0.0057854,0.011141,-0.10124,1,0.31145,0,,,
slow timing,52,0.0,False,3,True,True,False,True,False,False,True,0.63221,0.014132,0.002117,0.33871,1,0.93108,0,,,
selection,52,0.0,False,2,True,False,False,False,False,False,False,0.53319,0.0014757,0.011474,0.025616,10,0.054406,0,,,
slow selection,52,0.0,False,4,True,True,True,False,False,True,True,0.66638,0.020189,0.0023054,0.50167,10,0.3471,0,,,
planted 0.5,52,0.013413153777783005,True,0,True,True,True,True,True,True,True,0.7913,0.043151,0.011185,0.77449,1,0.99984,0,0.97507,0.92926,0.84625
planted 0.8,52,0.018388610058729223,False,7,True,True,True,True,True,True,False,0.80991,0.051006,0.011438,0.86428,1,0.99997,0,0.9832,0.94761,0.87725
late slow timing,52,0.0,False,2,True,False,False,False,False,False,True,0.59919,-0.0090364,0.0030157,-0.045232,2,0.25559,1,,,
rotation,52,0.0,False,2,True,False,False,False,False,False,True,0.61841,-0.013006,0.0023398,-0.55306,2,0.0060591,0,,,
binary rotation,52,0.0,False,3,True,True,False,False,False,False,True,0.73574,0.010236,0.0038585,0.24769,2,0.51711,0,,,
top sector,52,0.0,False,2,True,False,False,False,False,True,False,0.59135,0.00088079,0.0034048,0.008141,1,0.51033,0,,,
near benchmark,52,0.0,False,2,True,False,False,False,False,True,True,0.67466,-0.0043928,0.0011498,-0.31807,1,0.16912,0,,,
timing,53,0.0,False,2,True,False,False,False,False,False,True,0.40629,-0.02202,0.010673,-0.43878,1,0.030933,0,,,
slow timing,53,0.0,False,2,True,False,False,False,False,False,True,0.5667,0.0037003,0.0023911,0.06816,1,0.61383,0,,,
selection,53,0.0,False,2,True,False,True,False,False,True,True,0.52498,-0.00038339,0.011295,-0.0069247,10,0.054311,0,,,
slow selection,53,0.0,False,3,True,True,False,False,False,False,True,0.57148,0.0026637,0.0022819,0.068548,10,0.099136,0,,,
planted 0.5,53,0.013413153777783005,True,0,True,True,True,True,True,True,True,0.67851,0.029551,0.011578,0.49466,1,0.98837,0,0.69657,0.50634,0.32953
planted 0.8,53,0.018388610058729223,True,0,True,True,True,True,True,True,True,0.88512,0.060142,0.011441,1.1958,1,1,0,0.99941,0.99708,0.98951
late slow timing,53,0.0,False,2,True,False,False,False,False,False,True,0.96632,0.059821,0.0035754,0.31287,1,0.79033,0,,,
rotation,53,0.0,False,2,True,False,False,False,False,False,True,0.61608,-0.013264,0.0022855,-0.49856,2,0.021808,0,,,
binary rotation,53,0.0,False,2,True,False,False,False,False,False,True,0.65212,-0.0044576,0.00323,-0.10197,2,0.13963,0,,,
top sector,53,0.0,False,2,True,False,False,False,False,False,False,0.61455,0.0074311,0.0037626,0.068573,1,0.59549,0,,,
near benchmark,53,0.0,False,2,True,False,False,False,False,True,True,0.68848,-0.0021774,0.0011372,-0.17441,2,0.14576,0,,,
timing,54,0.0,False,2,True,False,True,False,False,False,True,0.55996,0.0057782,0.011815,0.10309,1,0.67963,0,,,
slow timing,54,0.0,False,2,True,False,False,False,False,False,True,0.47238,-0.013859,0.0023724,-0.28803,1,0.12887,0,,,
selection,54,0.0,False,4,True,True,True,False,False,True,True,0.59711,0.012739,0.010642,0.21846,10,0.27633,0,,,
slow selection,54,0.0,False,4,True,True,True,False,False,False,False,0.72078,0.031003,0.0024028,0.67039,10,0.66684,0,,,
planted 0.5,54,0.013413153777783005,True,0,True,True,True,True,True,True,True,0.70042,0.030293,0.011528,0.57724,1,0.99434,0,0.83272,0.68026,0.50531
planted 0.8,54,0.018388610058729223,True,0,True,True,True,True,True,True,True,0.87795,0.058967,0.011021,1.1395,1,1,0,0.99891,0.99495,0.98302
late slow timing,54,0.0,False,5,True,True,True,True,False,False,True,1.0389,0.13411,0.0027211,0.52966,1,0.9254,0,,,
rotation,54,0.0,False,2,True,False,False,False,False,False,True,0.65041,-0.00699,0.0028148,-0.25365,2,0.091031,0,,,
binary rotation,54,0.0,False,2,True,False,False,False,False,False,True,0.58473,-0.017083,0.0039077,-0.39682,2,0.037182,0,,,
top sector,54,0.0,False,2,True,False,False,False,False,True,True,0.59492,0.0012313,0.0042231,0.011679,1,0.51621,0,,,
near benchmark,54,0.0,False,2,True,False,False,False,False,True,True,0.69837,-0.00052612,0.0012312,-0.042155,2,0.25323,0,,,
timing,55,0.0,False,2,True,False,True,False,False,True,False,0.55663,0.0051108,0.01128,0.091974,1,0.64868,0,,,
slow timing,55,0.0,False,3,True,True,False,False,False,False,True,0.57232,0.0038072,0.0024626,0.081032,1,0.64469,0,,,
selection,55,0.0,False,2,True,False,False,False,False,False,True,0.51883,-0.00071855,0.011276,-0.012613,10,0.051543,0,,,
slow selection,55,0.0,False,3,True,True,False,False,False,False,False,0.69151,0.025615,0.0022137,0.56667,10,0.29855,0,,,
planted 0.5,55,0.013413153777783005,False,2,True,False,True,False,False,True,True,0.57834,0.0093583,0.011417,0.16122,1,0.74793,0,0.175,0.075596,0.029091
planted 0.8,55,0.018388610058729223,True,0,True,True,True,True,True,True,True,0.71512,0.034161,0.010926,0.61046,1,0.99438,0,0.78321,0.61433,0.43613
late slow timing,55,0.0,False,2,True,False,False,False,False,False,True,0.30897,-0.10334,0.0034356,-0.52778,1,0.013055,0,,,
rotation,55,0.0,False,2,True,False,False,False,False,False,True,0.69469,0.00082031,0.0021417,0.031552,2,0.33667,0,,,
binary rotation,55,0.0,False,2,True,False,False,False,False,False,True,0.65221,-0.0044789,0.0032285,-0.10116,2,0.18995,0,,,
top sector,55,0.0,False,2,True,False,False,False,False,False,True,0.43955,-0.025658,0.0037494,-0.22835,1,0.23314,0,,,
near benchmark,55,0.0,False,2,True,False,False,False,False,True,True,0.67556,-0.0043666,0.0011347,-0.38566,2,0.027889,0,,,
timing,56,0.0,False,2,True,False,False,False,False,False,True,0.40842,-0.021794,0.011188,-0.38263,1,0.048792,0,,,
slow timing,56,0.0,False,2,True,False,False,False,False,False,True,0.44164,-0.019305,0.0024074,-0.40316,1,0.03758,0,,,
selection,56,0.0,False,2,True,False,True,False,False,True,True,0.57534,0.0084751,0.011096,0.15303,10,0.17274,0,,,
slow selection,56,0.0,False,3,True,True,False,False,False,False,True,0.68338,0.023969,0.0025884,0.52117,10,0.57108,0,,,
planted 0.5,56,0.013413153777783005,True,0,True,True,True,True,True,True,True,0.7123,0.035017,0.011429,0.61447,1,0.99578,0,0.85497,0.71184,0.54029
planted 0.8,56,0.018388610058729223,False,7,True,True,True,True,True,True,False,0.9409,0.07075,0.01135,1.291,1,1,0,0.99963,0.99799,0.99225
late slow timing,56,0.0,False,2,True,False,False,False,False,False,True,0.56919,-0.032652,0.0041445,-0.17156,1,0.30709,0,,,
rotation,56,0.0,False,2,True,False,False,False,False,False,True,0.65512,-0.0062406,0.0019195,-0.24321,2,0.091162,0,,,
binary rotation,56,0.0,False,2,True,False,False,False,False,False,True,0.53944,-0.025987,0.0034863,-0.63512,2,0.0016674,0,,,
top sector,56,0.0,False,2,True,False,False,False,False,False,True,0.57481,-0.0087423,0.0029435,-0.095748,2,0.19613,1,,,
near benchmark,56,0.0,False,2,True,False,False,False,False,True,True,0.64828,-0.0087479,0.0011962,-0.59828,2,0.0040205,0,,,
timing,57,0.0,False,2,True,False,False,False,False,False,True,0.38423,-0.024677,0.011302,-0.4349,1,0.037997,0,,,
slow timing,57,0.0,False,3,True,True,False,False,False,False,True,0.58701,0.0060388,0.0025177,0.14021,1,0.69344,0,,,
selection,57,0.0,False,2,True,False,True,False,False,True,True,0.53805,0.0026671,0.011416,0.046577,10,0.091287,0,,,
slow selection,57,0.0,False,3,True,True,False,False,False,False,True,0.65847,0.020408,0.0025263,0.41088,10,0.40241,0,,,
planted 0.5,57,0.013413153777783005,False,2,True,False,True,False,False,True,True,0.55608,0.0044208,0.010865,0.076492,1,0.62506,0,0.1042,0.039495,0.013427
planted 0.8,57,0.018388610058729223,True,0,True,True,True,True,True,True,True,0.69194,0.029313,0.011123,0.50491,1,0.98404,0,0.57705,0.38123,0.22439
late slow timing,57,0.0,False,2,True,False,False,False,False,False,True,0.86313,0.026852,0.0039956,0.11026,1,0.63707,1,,,
rotation,57,0.0,False,2,True,False,False,False,False,False,True,0.63761,-0.0096719,0.0024611,-0.41051,2,0.036777,0,,,
binary rotation,57,0.0,False,2,True,False,False,False,False,False,True,0.68819,0.0018478,0.0041362,0.043564,2,0.36368,0,,,
top sector,57,0.0,False,2,True,False,False,False,False,False,True,0.28417,-0.06739,0.0042195,-0.54095,2,0.014484,0,,,
near benchmark,57,0.0,False,2,True,False,False,False,False,True,True,0.69292,-0.0014349,0.0011917,-0.11381,2,0.16744,0,,,
timing,58,0.0,False,2,True,False,False,False,False,False,True,0.36777,-0.026561,0.011108,-0.47992,1,0.0060965,0,,,
slow timing,58,0.0,False,2,True,False,False,False,False,False,True,0.44777,-0.019693,0.00253,-0.43722,2,0.012602,0,,,
selection,58,0.0,False,2,True,False,False,False,False,False,True,0.49383,-0.0051561,0.011413,-0.09213,10,0.023702,0,,,
slow selection,58,0.0,False,3,True,True,False,False,False,True,True,0.64082,0.01627,0.002558,0.32882,10,0.39397,0,,,
planted 0.5,58,0.013413153777783005,True,0,True,True,True,True,True,True,True,0.74557,0.03975,0.010905,0.65402,1,0.99955,0,0.95034,0.8738,0.75267
planted 0.8,58,0.018388610058729223,True,0,True,True,True,True,True,True,True,0.79395,0.047078,0.010944,0.83029,1,0.99984,0,0.9591,0.89382,0.78667
late slow timing,58,0.0,False,2,True,False,False,False,False,False,True,0.39251,-0.077916,0.0042741,-0.3905,1,0.09978,0,,,
rotation,58,0.0,False,2,True,False,False,False,False,False,True,0.65678,-0.0057838,0.0023971,-0.21467,2,0.11151,0,,,
binary rotation,58,0.0,False,3,True,True,False,False,False,False,True,0.75129,0.013309,0.0032158,0.30729,2,0.71277,0,,,
top sector,58,0.0,False,2,True,False,False,False,False,False,True,0.45254,-0.02728,0.0045936,-0.25786,2,0.076156,0,,,
near benchmark,58,0.0,False,5,True,True,True,True,False,True,True,0.75968,0.0095744,0.0011305,0.84663,2,0.98883,0,,,
timing,59,0.0,False,2,True,False,False,False,False,False,True,0.38957,-0.024907,0.01092,-0.44991,1,0.023088,0,,,
slow timing,59,0.0,False,2,True,False,False,False,False,False,True,0.45139,-0.020686,0.0023204,-0.41957,2,0.0099827,0,,,
selection,59,0.0,False,2,True,False,True,False,False,True,True,0.57192,0.0082445,0.01127,0.14469,10,0.065133,0,,,
slow selection,59,0.0,False,3,True,True,False,False,False,False,True,0.66722,0.020481,0.0022077,0.48334,10,0.47532,0,,,
planted 0.5,59,0.013413153777783005,True,0,True,True,True,True,True,True,True,0.68423,0.026922,0.011536,0.50029,1,0.98649,0,0.73767,0.55459,0.37446
planted 0.8,59,0.018388610058729223,True,0,True,True,True,True,True,True,True,0.70969,0.03433,0.011461,0.5946,1,0.99812,0,0.79352,0.62605,0.44653
late slow timing,59,0.0,False,3,True,True,False,True,False,False,True,1.1325,0.13484,0.0033663,0.55713,1,0.95428,0,,,
rotation,59,0.0,False,2,True,False,False,False,False,False,False,0.64036,-0.0087059,0.0025999,-0.30818,2,0.06124,0,,,
binary rotation,59,0.0,False,2,True,False,False,False,False,False,True,0.62752,-0.0091529,0.003596,-0.21417,2,0.10291,0,,,
top sector,59,0.0,False,6,True,True,True,True,True,False,True,0.84719,0.049374,0.0040381,0.4731,1,0.94489,0,,,
near benchmark,59,0.0,False,3,True,True,False,False,False,True,True,0.71139,0.0015893,0.0010167,0.13634,2,0.47699,0,,,
timing,60,0.0,False,2,True,False,False,False,False,False,False,0.46233,-0.01221,0.011006,-0.22852,1,0.16381,0,,,
slow timing,60,0.0,False,3,True,True,False,False,False,True,True,0.60661,0.0097827,0.0023411,0.22087,1,0.79498,0,,,
selection,60,0.0,False,2,True,False,False,False,False,False,True,0.54506,0.0038517,0.011072,0.065879,10,0.10008,0,,,
slow selection,60,0.0,False,4,True,True,True,False,False,False,True,0.61349,0.011995,0.0025004,0.24271,10,0.21867,0,,,
planted 0.5,60,0.013413153777783005,True,0,True,True,True,True,True,True,True,0.67093,0.023976,0.011212,0.44261,1,0.96682,0,0.57618,0.38001,0.22317
planted 0.8,60,0.018388610058729223,True,0,True,True,True,True,True,True,True,0.77559,0.042092,0.011123,0.79194,1,0.99978,0,0.96333,0.90232,0.79965
late slow timing,60,0.0,False,2,True,False,False,False,False,False,True,0.45384,-0.068459,0.0032971,-0.25892,1,0.22873,0,,,
rotation,60,0.0,False,2,True,False,False,False,False,False,True,0.67836,-0.0022874,0.0022907,-0.094928,2,0.19518,0,,,
binary rotation,60,0.0,False,2,True,False,False,False,False,False,False,0.68155,0.00091949,0.00312,0.021137,2,0.33122,0,,,
top sector,60,0.0,False,2,True,False,False,False,False,False,True,0.44886,-0.03286,0.0042433,-0.29476,1,0.1683,0,,,
near benchmark,60,0.0,False,2,True,False,False,False,False,True,True,0.68076,-0.0034987,0.0010586,-0.29534,2,0.064294,0,,,
timing,61,0.0,False,2,True,False,False,False,False,False,True,0.3787,-0.025303,0.011029,-0.47063,1,0.01664,0,,,
slow timing,61,0.0,False,2,True,False,False,False,False,False,True,0.56892,0.0026819,0.0022814,0.06214,2,0.3994,0,,,
selection,61,0.0,False,4,True,True,True,False,False,True,True,0.58503,0.010477,0.010807,0.18368,10,0.15143,0,,,
slow selection,61,0.0,False,4,True,True,True,False,False,False,True,0.74502,0.035457,0.0022988,0.69706,10,0.55128,0,,,
planted 0.5,61,0.013413153777783005,True,0,True,True,True,True,True,True,True,0.74561,0.038447,0.011238,0.6964,1,0.99968,0,0.96395,0.90248,0.79814
planted 0.8,61,0.018388610058729223,True,0,True,True,True,True,True,True,True,0.73828,0.038652,0.011849,0.71254,1,0.99972,0,0.96782,0.91183,0.81486
late slow timing,61,0.0,False,2,True,False,False,False,False,False,True,0.52301,-0.055968,0.0038317,-0.33241,1,0.15,0,,,
rotation,61,0.0,False,2,True,False,False,False,False,False,True,0.67235,-0.0029907,0.002426,-0.1076,2,0.19218,0,,,
binary rotation,61,0.0,False,2,True,False,False,False,False,False,True,0.67047,-0.0014237,0.0027281,-0.033286,2,0.26016,0,,,
top sector,61,0.0,False,2,True,False,False,False,False,False,True,0.57715,0.001982,0.0026693,0.015629,1,0.52006,0,,,
near benchmark,61,0.0,False,4,True,True,True,False,False,True,False,0.73562,0.0056788,0.0011423,0.41877,2,0.76432,0,,,
timing,62,0.0,False,2,True,False,False,False,False,False,False,0.43479,-0.016073,0.011234,-0.30239,1,0.081073,0,,,
slow timing,62,0.0,False,3,True,True,False,False,False,True,True,0.58787,0.0058348,0.0022055,0.14493,1,0.7266,0,,,
selection,62,0.0,False,4,True,True,True,False,False,True,False,0.58556,0.010537,0.010924,0.18486,10,0.22392,0,,,
slow selection,62,0.0,False,4,True,True,True,False,False,False,False,0.77403,0.041877,0.0025848,0.83797,10,0.77053,0,,,
planted 0.5,62,0.013413153777783005,False,4,True,True,True,False,False,True,True,0.58402,0.011105,0.011203,0.19584,1,0.80203,0,0.23428,0.1106,0.046451
planted 0.8,62,0.018388610058729223,True,0,True,True,True,True,True,True,True,0.83372,0.054725,0.011102,0.9463,1,0.99998,0,0.99379,0.97729,0.93859
late slow timing,62,0.0,False,2,True,False,False,False,False,False,True,0.75736,0.055182,0.0038244,0.28758,1,0.81129,0,,,
rotation,62,0.0,False,2,True,False,False,False,False,False,True,0.64367,-0.0085898,0.0024366,-0.37107,2,0.033239,0,,,
binary rotation,62,0.0,False,2,True,False,False,False,False,False,True,0.61563,-0.011327,0.0031773,-0.25677,2,0.072015,0,,,
top sector,62,0.0,False,2,True,False,False,False,False,False,False,0.56002,6.0022e-05,0.0039417,0.00052036,2,0.30225,1,,,
near benchmark,62,0.0,False,3,True,True,False,False,False,True,True,0.70712,0.00093696,0.0010724,0.073859,2,0.38626,0,,,
timing,63,0.0,False,2,True,False,True,False,False,False,True,0.48375,-0.0063388,0.010546,-0.11013,1,0.31212,0,,,
slow timing,63,0.0,False,3,True,True,False,False,False,False,True,0.67364,0.023848,0.002714,0.43104,2,0.89086,0,,,
selection,63,0.0,False,2,True,False,True,False,False,False,True,0.54718,0.0045393,0.011583,0.075891,10,0.082502,0,,,
slow selection,63,0.0,False,4,True,True,True,False,False,False,False,0.67864,0.022541,0.0024753,0.48334,10,0.35604,0,,,
planted 0.5,63,0.013413153777783005,False,4,True,True,True,False,False,True,True,0.58135,0.013251,0.011372,0.20469,1,0.83575,0,0.27026,0.13327,0.058384
planted 0.8,63,0.018388610058729223,True,0,True,True,True,True,True,True,True,0.73323,0.036556,0.011226,0.64832,1,0.99733,0,0.88854,0.76504,0.60556
late slow timing,63,0.0,False,2,True,False,False,False,False,False,True,0.70167,-0.033023,0.0038813,-0.16236,1,0.33152,0,,,
rotation,63,0.0,False,2,True,False,False,False,False,False,True,0.67381,-0.0029026,0.0024817,-0.11276,2,0.19109,0,,,
binary rotation,63,0.0,False,2,True,False,False,False,False,False,True,0.56052,-0.021603,0.0035854,-0.49996,2,0.013025,0,,,
top sector,63,0.0,False,2,True,False,False,False,False,False,True,0.60624,0.0047623,0.0038549,0.045031,2,0.36364,1,,,
near benchmark,63,0.0,False,3,True,True,False,False,False,True,True,0.71733,0.0025884,0.0010644,0.22003,2,0.64025,0,,,
timing,64,0.0,False,2,True,False,False,False,False,False,False,0.4782,-0.0089335,0.011152,-0.15258,1,0.22811,0,,,
slow timing,64,0.0,False,2,True,False,False,False,False,False,True,0.51435,-0.0071096,0.0021966,-0.164,1,0.23812,0,,,
selection,64,0.0,False,2,True,False,False,False,False,False,False,0.52841,-0.00030223,0.010971,-0.005658,10,0.054569,0,,,
slow selection,64,0.0,False,3,True,True,False,False,False,False,True,0.64832,0.018821,0.0024262,0.37642,10,0.51142,0,,,
planted 0.5,64,0.013413153777783005,True,0,True,True,True,True,True,True,True,0.64563,0.021116,0.011353,0.37615,1,0.96279,0,0.55262,0.35909,0.20812
planted 0.8,64,0.018388610058729223,True,0,True,True,True,True,True,True,True,0.72035,0.033111,0.011283,0.63709,1,0.99835,0,0.9104,0.80171,0.65306
late slow timing,64,0.0,False,2,True,False,False,False,False,False,True,0.29234,-0.087808,0.0041577,-0.44561,1,0.10249,0,,,
rotation,64,0.0,False,2,True,False,False,False,False,False,True,0.69885,0.0017272,0.0022229,0.062733,2,0.38012,0,,,
binary rotation,64,0.0,False,2,True,False,False,False,False,False,True,0.68867,0.0019632,0.0034433,0.045959,2,0.36127,0,,,
top sector,64,0.0,False,2,True,False,False,False,False,False,True,0.49999,-0.013872,0.0030463,-0.10924,1,0.36361,0,,,
near benchmark,64,0.0,False,2,True,False,False,False,False,True,True,0.70365,0.00033233,0.001115,0.027239,2,0.33997,0,,,
timing,65,0.0,False,2,True,False,False,False,False,False,True,0.38538,-0.023616,0.010959,-0.41424,1,0.040802,0,,,
slow timing,65,0.0,False,2,True,False,False,False,False,False,True,0.47073,-0.014025,0.0025128,-0.29282,1,0.1143,0,,,
selection,65,0.0,False,2,True,False,True,False,False,False,True,0.51864,-0.0012869,0.011691,-0.022554,10,0.047276,0,,,
slow selection,65,0.0,False,4,True,True,True,False,False,False,False,0.73714,0.034805,0.0025227,0.66602,10,0.85761,0,,,
planted 0.5,65,0.013413153777783005,True,0,True,True,True,True,True,True,True,0.68187,0.026122,0.01125,0.49893,1,0.98452,0,0.71625,0.53009,0.35221
planted 0.8,65,0.018388610058729223,True,0,True,True,True,True,True,True,True,0.8317,0.04899,0.010935,0.9409,1,0.99996,0,0.99114,0.9698,0.92303
late slow timing,65,0.0,False,3,True,True,False,True,False,False,True,1.0367,0.089634,0.0035751,0.40857,1,0.90827,0,,,
rotation,65,0.0,False,3,True,True,False,False,False,False,True,0.72467,0.0061106,0.0023697,0.23488,2,0.55567,0,,,
binary rotation,65,0.0,False,2,True,False,False,False,False,False,True,0.67412,-0.00075394,0.0043108,-0.017897,2,0.27995,0,,,
top sector,65,0.0,False,2,True,False,False,False,False,False,True,0.58451,-0.0002669,0.0042167,-0.0024705,1,0.49618,0,,,
near benchmark,65,0.0,False,3,True,True,False,False,False,True,True,0.72319,0.0035792,0.0010613,0.29061,2,0.6405,0,,,
timing,66,0.0,False,2,True,False,False,False,False,False,True,0.47403,-0.0091712,0.010798,-0.17139,1,0.24937,0,,,
slow timing,66,0.0,False,2,True,False,False,False,False,False,True,0.4516,-0.018626,0.0022051,-0.4159,2,0.012744,0,,,
selection,66,0.0,False,2,True,False,True,False,False,True,False,0.57641,0.0092065,0.01107,0.15822,10,0.062538,0,,,
slow selection,66,0.0,False,4,True,True,True,False,False,False,True,0.70434,0.026001,0.002095,0.70639,11,0.63653,0,,,
planted 0.5,66,0.013413153777783005,False,7,True,True,True,True,True,True,False,0.70353,0.033076,0.0114,0.54257,1,0.98012,0,0.65782,0.46156,0.28856
planted 0.8,66,0.018388610058729223,True,0,True,True,True,True,True,True,True,0.78607,0.049652,0.011653,0.89136,1,0.99998,0,0.99519,0.98192,0.94972
late slow timing,66,0.0,False,2,True,False,False,False,False,False,True,0.85647,0.066378,0.0038654,0.25619,1,0.76487,0,,,
rotation,66,0.0,False,2,True,False,False,False,False,False,True,0.6701,-0.0033705,0.0027321,-0.12188,2,0.15502,0,,,
binary rotation,66,0.0,False,3,True,True,False,False,False,False,False,0.71837,0.0069335,0.0035068,0.17187,2,0.54045,0,,,
top sector,66,0.0,False,3,True,True,False,False,False,True,True,0.70645,0.031868,0.0043182,0.26608,1,0.82756,0,,,
near benchmark,66,0.0,False,2,True,False,False,False,False,True,True,0.67008,-0.0052576,0.0010182,-0.40454,2,0.039845,0,,,
timing,67,0.0,False,2,True,False,False,False,False,False,True,0.44251,-0.014939,0.010772,-0.28166,1,0.10101,0,,,
slow timing,67,0.0,False,2,True,False,False,False,False,False,True,0.4246,-0.022739,0.0022421,-0.51672,1,0.023549,0,,,
selection,67,0.0,False,2,True,False,False,False,False,False,True,0.4686,-0.010673,0.011352,-0.19119,10,0.0084442,0,,,
slow selection,67,0.0,False,3,True,True,False,False,False,False,False,0.59833,0.0084515,0.0023229,0.18706,11,0.12308,0,,,
planted 0.5,67,0.013413153777783005,False,7,True,True,True,True,True,True,False,0.72696,0.034004,0.01108,0.59479,1,0.99234,0,0.79661,0.63011,0.45074
planted 0.8,67,0.018388610058729223,False,7,True,True,True,True,True,True,False,0.84007,0.056703,0.011518,1.0273,1,1,0,0.99906,0.99549,0.9844
late slow timing,67,0.0,False,2,True,False,False,False,False,False,True,0.4621,-0.053399,0.0028829,-0.31255,2,0.057976,0,,,
rotation,67,0.0,False,2,True,False,False,False,False,False,True,0.64276,-0.0085918,0.0023044,-0.34251,2,0.033047,0,,,
binary rotation,67,0.0,False,2,True,False,False,False,False,False,True,0.65734,-0.0037116,0.0038578,-0.087545,2,0.19593,0,,,
top sector,67,0.0,False,2,True,False,False,False,False,False,True,0.41984,-0.036948,0.0035757,-0.32476,1,0.13258,0,,,
near benchmark,67,0.0,False,2,True,False,False,False,False,True,True,0.69396,-0.001277,0.0010577,-0.10679,2,0.1826,0,,,
timing,68,0.0,False,2,True,False,False,False,False,False,True,0.45732,-0.012258,0.011052,-0.22923,1,0.13294,0,,,
slow timing,68,0.0,False,2,True,False,False,False,False,False,False,0.56169,0.0023542,0.0023314,0.047846,1,0.57891,0,,,
selection,68,0.0,False,2,True,False,True,False,False,True,False,0.53657,0.0018039,0.011708,0.032601,10,0.0767,0,,,
slow selection,68,0.0,False,3,True,True,False,False,False,False,True,0.61289,0.011273,0.0026214,0.2412,10,0.13327,0,,,
planted 0.5,68,0.013413153777783005,True,0,True,True,True,True,True,True,True,0.72255,0.034902,0.011554,0.62296,1,0.99667,0,0.87288,0.73943,0.57323
planted 0.8,68,0.018388610058729223,True,0,True,True,True,True,True,True,True,0.75046,0.038187,0.011282,0.70034,1,0.99913,0,0.94076,0.85635,0.72853
late slow timing,68,0.0,False,2,True,False,False,False,False,False,True,0.50928,-0.079964,0.0050656,-0.32906,2,0.066553,1,,,
rotation,68,0.0,False,2,True,False,False,False,False,False,True,0.67756,-0.0019638,0.0025352,-0.068654,2,0.22389,0,,,
binary rotation,68,0.0,False,2,True,False,False,False,False,False,True,0.53176,-0.026967,0.0037549,-0.65957,2,0.0025202,0,,,
top sector,68,0.0,False,2,True,False,False,False,False,False,True,0.46369,-0.017833,0.0040366,-0.13966,2,0.15327,1,,,
near benchmark,68,0.0,False,2,True,False,False,False,False,True,True,0.67319,-0.0047122,0.0011506,-0.38054,2,0.031416,0,,,
timing,69,0.0,False,2,True,False,False,False,False,False,True,0.39982,-0.022468,0.011541,-0.39602,1,0.036684,0,,,
slow timing,69,0.0,False,2,True,False,False,False,False,False,True,0.46489,-0.016885,0.0024498,-0.33511,1,0.079068,0,,,
selection,69,0.0,False,2,True,False,True,False,False,True,False,0.54534,0.0039329,0.011232,0.067639,10,0.10257,0,,,
slow selection,69,0.0,False,4,True,True,True,False,False,False,True,0.65285,0.019067,0.0024595,0.38831,10,0.49538,0,,,
planted 0.5,69,0.013413153777783005,True,0,True,True,True,True,True,True,True,0.71848,0.033749,0.011332,0.58204,1,0.99618,0,0.86342,0.72509,0.55636
planted 0.8,69,0.018388610058729223,True,0,True,True,True,True,True,True,True,0.76492,0.040205,0.011368,0.72087,1,0.99929,0,0.94816,0.87125,0.75132
late slow timing,69,0.0,False,2,True,False,False,False,False,False,True,0.84828,0.023942,0.0030617,0.10903,1,0.61244,0,,,
rotation,69,0.0,False,2,True,False,False,False,False,False,True,0.67169,-0.0029233,0.0026773,-0.09957,2,0.19292,0,,,
binary rotation,69,0.0,False,2,True,False,False,False,False,False,False,0.63343,-0.0082834,0.0038614,-0.19767,2,0.11721,0,,,
top sector,69,0.0,False,3,True,True,False,False,False,False,True,0.7285,0.026916,0.0045084,0.25534,2,0.64114,0,,,
near benchmark,69,0.0,False,3,True,True,False,False,False,True,True,0.70745,0.00097603,0.0011274,0.078521,2,0.41024,0,,,
timing,70,0.0,False,2,True,False,False,False,False,False,True,0.35043,-0.028813,0.011357,-0.47736,1,0.011448,0,,,
slow timing,70,0.0,False,2,True,False,False,False,False,False,True,0.49103,-0.011518,0.0022111,-0.2683,1,0.12939,0,,,
selection,70,0.0,False,2,True,False,False,False,False,False,True,0.54677,0.003078,0.011341,0.057665,10,0.092369,0,,,
slow selection,70,0.0,False,4,True,True,True,False,False,True,True,0.66917,0.021624,0.0024933,0.43418,10,0.3456,0,,,
planted 0.5,70,0.013413153777783005,False,7,True,True,True,True,True,True,False,0.81322,0.04967,0.011529,0.84999,1,0.99988,0,0.97808,0.93518,0.85477
planted 0.8,70,0.018388610058729223,True,0,True,True,True,True,True,True,True,0.77043,0.044182,0.011264,0.80103,1,0.9998,0,0.96429,0.90421,0.80247
late slow timing,70,0.0,False,2,True,False,False,False,False,False,True,0.31958,-0.12517,0.0038584,-0.62425,2,0.0054858,0,,,
rotation,70,0.0,False,2,True,False,False,False,False,False,True,0.671,-0.0034522,0.002356,-0.13065,2,0.17259,0,,,
binary rotation,70,0.0,False,3,True,True,False,False,False,False,True,0.7063,0.005317,0.0035815,0.12166,2,0.45246,0,,,
top sector,70,0.0,False,2,True,False,False,False,False,False,True,0.57326,0.007795,0.0050474,0.063175,1,0.58732,0,,,
near benchmark,70,0.0,False,2,True,False,False,False,False,True,True,0.6742,-0.0045604,0.0010295,-0.36969,2,0.039775,0,,,
timing,71,0.0,False,2,True,False,False,False,False,False,True,0.34158,-0.034193,0.011131,-0.61537,1,0.0020492,0,,,
slow timing,71,0.0,False,2,True,False,False,False,False,False,True,0.45839,-0.017658,0.0023803,-0.36236,1,0.05564,0,,,
selection,71,0.0,False,2,True,False,True,False,False,True,True,0.58238,0.0099537,0.011099,0.17481,10,0.20329,0,,,
slow selection,71,0.0,False,3,True,True,False,False,False,False,True,0.60184,0.0096041,0.0025021,0.19605,10,0.19378,0,,,
planted 0.5,71,0.013413153777783005,True,0,True,True,True,True,True,True,True,0.7031,0.029964,0.010998,0.53445,1,0.99128,0,0.78939,0.62018,0.44005
planted 0.8,71,0.018388610058729223,True,0,True,True,True,True,True,True,True,0.82022,0.05309,0.011084,0.97663,1,0.99998,0,0.98939,0.96484,0.91261
late slow timing,71,0.0,False,1,False,False,False,False,False,False,True,0.46468,-0.1073,0.0039021,-0.37202,2,0.057748,0,,,
rotation,71,0.0,False,3,True,True,False,False,False,False,True,0.70415,0.0026821,0.0025542,0.096847,2,0.42682,0,,,
binary rotation,71,0.0,False,3,True,True,False,False,False,False,True,0.7048,0.0045857,0.0039642,0.11217,2,0.44883,0,,,
top sector,71,0.0,False,2,True,False,False,False,False,False,True,0.60904,0.005359,0.0039501,0.056772,2,0.37634,0,,,
near benchmark,71,0.0,False,2,True,False,False,False,False,True,True,0.68469,-0.0026979,0.0010911,-0.19454,2,0.11983,0,,,
timing,72,0.0,False,2,True,False,False,False,False,False,True,0.3832,-0.024208,0.010982,-0.37766,1,0.057571,0,,,
slow timing,72,0.0,False,2,True,False,False,False,False,False,True,0.52686,-0.004777,0.002483,-0.10331,1,0.32741,0,,,
selection,72,0.0,False,2,True,False,False,False,False,False,False,0.5465,0.0034955,0.011389,0.0629,10,0.096827,0,,,
slow selection,72,0.0,False,3,True,True,False,False,False,False,True,0.60959,0.010235,0.0021657,0.23198,11,0.15465,0,,,
planted 0.5,72,0.013413153777783005,True,0,True,True,True,True,True,True,True,0.7636,0.040069,0.011427,0.73657,1,0.99983,0,0.96345,0.90225,0.79907
planted 0.8,72,0.018388610058729223,True,0,True,True,True,True,True,True,True,0.73918,0.037408,0.011542,0.6572,1,0.99783,0,0.8604,0.71991,0.54961
late slow timing,72,0.0,False,2,True,False,False,False,False,False,True,0.592,-0.086515,0.0041588,-0.31072,1,0.20102,0,,,
rotation,72,0.0,False,2,True,False,False,False,False,False,True,0.6963,0.00097297,0.0021864,0.039447,2,0.35169,0,,,
binary rotation,72,0.0,False,2,True,False,False,False,False,False,False,0.67225,-0.0014172,0.0040369,-0.034316,2,0.25467,0,,,
top sector,72,0.0,False,2,True,False,False,False,False,False,True,0.58006,0.0030561,0.0034848,0.031291,1,0.54118,0,,,
near benchmark,72,0.0,False,2,True,False,False,False,False,True,True,0.69853,-0.00054437,0.0010733,-0.047043,2,0.25169,0,,,
timing,73,0.0,False,2,True,False,False,False,False,False,True,0.42964,-0.01771,0.011061,-0.32277,1,0.078786,0,,,
slow timing,73,0.0,False,3,True,True,False,False,False,False,True,0.57022,0.0031032,0.0026043,0.068991,1,0.61926,0,,,
selection,73,0.0,False,4,True,True,True,False,False,True,True,0.60804,0.014207,0.011564,0.25182,10,0.26245,0,,,
slow selection,73,0.0,False,4,True,True,True,False,False,True,False,0.67577,0.022807,0.0026011,0.48444,10,0.31244,0,,,
planted 0.5,73,0.013413153777783005,True,0,True,True,True,True,True,True,True,0.63227,0.017357,0.010862,0.32355,1,0.92594,0,0.44853,0.26484,0.13874
planted 0.8,73,0.018388610058729223,True,0,True,True,True,True,True,True,True,0.7699,0.043017,0.011127,0.76185,1,0.99971,0,0.96939,0.91543,0.82108
late slow timing,73,0.0,False,2,True,False,False,False,False,False,True,0.40772,-0.14799,0.0041444,-0.58019,1,0.052451,0,,,
rotation,73,0.0,False,2,True,False,False,False,False,False,True,0.65122,-0.007065,0.0027431,-0.28361,2,0.069159,0,,,
binary rotation,73,0.0,False,2,True,False,False,False,False,False,True,0.63196,-0.0083856,0.0041262,-0.19465,2,0.10332,0,,,
top sector,73,0.0,False,2,True,False,False,False,False,False,False,0.66802,0.018714,0.0052365,0.17029,2,0.52737,0,,,
near benchmark,73,0.0,False,2,True,False,False,False,False,True,True,0.67791,-0.0038829,0.0010687,-0.29861,2,0.059156,0,,,
timing,74,0.0,False,2,True,False,False,False,False,False,True,0.35195,-0.031829,0.011078,-0.56461,1,0.0031825,0,,,
slow timing,74,0.0,False,7,True,True,True,True,True,True,False,0.64502,0.016608,0.0023902,0.3853,1,0.94236,0,,,
selection,74,0.0,False,4,True,True,True,False,False,True,True,0.60554,0.013972,0.011003,0.24463,10,0.27052,0,,,
slow selection,74,0.0,False,3,True,True,False,False,False,False,False,0.70321,0.026453,0.0023417,0.65038,10,0.81603,0,,,
planted 0.5,74,0.013413153777783005,True,0,True,True,True,True,True,True,True,0.65115,0.021539,0.011168,0.40372,1,0.96139,0,0.53228,0.33751,0.19002
planted 0.8,74,0.018388610058729223,True,0,True,True,True,True,True,True,True,0.8352,0.054572,0.01147,0.99225,1,1,0,0.99779,0.99052,0.97044
late slow timing,74,0.0,False,2,True,False,False,False,False,False,True,0.89002,0.035347,0.0026309,0.19981,1,0.72681,0,,,
rotation,74,0.0,False,3,True,True,False,False,False,False,True,0.715,0.0040659,0.0021371,0.18074,2,0.50893,0,,,
binary rotation,74,0.0,False,2,True,False,False,False,False,False,True,0.65757,-0.0034811,0.003847,-0.080489,2,0.20691,0,,,
top sector,74,0.0,False,2,True,False,False,False,False,False,True,0.57545,-0.0044754,0.0027561,-0.0417,2,0.25173,0,,,
near benchmark,74,0.0,False,2,True,False,False,False,False,True,True,0.67074,-0.0050648,0.001104,-0.36817,2,0.041221,0,,,
timing,75,0.0,False,2,True,False,False,False,False,False,True,0.3804,-0.02621,0.010956,-0.46212,1,0.02704,0,,,
slow timing,75,0.0,False,2,True,False,False,False,False,False,True,0.48726,-0.011435,0.0025713,-0.23164,1,0.16407,0,,,
selection,75,0.0,False,2,True,False,True,False,False,False,True,0.51076,-0.0011576,0.011661,-0.019136,10,0.048795,0,,,
slow selection,75,0.0,False,3,True,True,False,False,False,False,False,0.62417,0.012608,0.0024945,0.30528,10,0.30745,0,,,
planted 0.5,75,0.013413153777783005,True,0,True,True,True,True,True,True,True,0.63974,0.020402,0.011302,0.35303,1,0.93412,0,0.41869,0.24098,0.12311
planted 0.8,75,0.018388610058729223,True,0,True,True,True,True,True,True,True,0.83564,0.053515,0.011168,0.94537,1,0.99993,0,0.98756,0.95984,0.90244
late slow timing,75,0.0,False,2,True,False,False,False,False,False,True,0.76154,-0.0077089,0.0027273,-0.041534,1,0.45963,0,,,
rotation,75,0.0,False,2,True,False,False,False,False,False,True,0.66156,-0.0049404,0.0024017,-0.18482,2,0.11165,0,,,
binary rotation,75,0.0,False,2,True,False,False,False,False,False,True,0.55164,-0.023358,0.0035812,-0.56883,2,0.0062386,0,,,
top sector,75,0.0,False,2,True,False,False,False,False,False,True,0.64346,0.011449,0.0032127,0.10475,2,0.43603,0,,,
near benchmark,75,0.0,False,2,True,False,False,False,False,True,True,0.69219,-0.0015889,0.0011332,-0.13308,2,0.16331,0,,,
timing,76,0.0,False,2,True,False,False,False,False,False,True,0.42112,-0.019129,0.011386,-0.35895,1,0.065678,0,,,
slow timing,76,0.0,False,2,True,False,False,False,False,False,True,0.43715,-0.021292,0.0025472,-0.47165,1,0.025916,0,,,
selection,76,0.0,False,2,True,False,False,False,False,False,False,0.50381,-0.004298,0.011626,-0.074154,10,0.028031,0,,,
slow selection,76,0.0,False,4,True,True,True,False,False,False,True,0.68204,0.023603,0.002552,0.49278,10,0.61761,0,,,
planted 0.5,76,0.013413153777783005,False,4,True,True,True,False,False,True,True,0.59787,0.011758,0.011336,0.22059,1,0.83277,0,0.24161,0.11511,0.048773
planted 0.8,76,0.018388610058729223,True,0,True,True,True,True,True,True,True,0.81243,0.047851,0.010882,0.89336,1,0.99998,0,0.99441,0.9792,0.94294
late slow timing,76,0.0,False,2,True,False,False,False,False,False,True,0.84591,0.026548,0.0032031,0.14059,1,0.64559,0,,,
rotation,76,0.0,False,2,True,False,False,False,False,False,True,0.60284,-0.015033,0.0021703,-0.48072,2,0.015388,0,,,
binary rotation,76,0.0,False,2,True,False,False,False,False,False,True,0.62599,-0.0098044,0.0042134,-0.23798,2,0.08564,0,,,
top sector,76,0.0,False,2,True,False,False,False,False,False,True,0.5849,0.00098332,0.0036808,0.0090057,1,0.51455,0,,,
near benchmark,76,0.0,False,2,True,False,False,False,False,True,True,0.67792,-0.0039595,0.0011432,-0.35134,2,0.050292,0,,,
timing,77,0.0,False,2,True,False,False,False,False,False,True,0.46749,-0.011578,0.010885,-0.22539,1,0.13324,0,,,
slow timing,77,0.0,False,3,True,True,False,False,False,True,True,0.57668,0.0046978,0.0024194,0.10024,1,0.65962,0,,,
selection,77,0.0,False,4,True,True,True,False,False,True,True,0.60362,0.013932,0.011245,0.23916,10,0.13707,0,,,
slow selection,77,0.0,False,4,True,True,True,False,False,False,False,0.66516,0.023345,0.0028019,0.40753,10,0.34324,0,,,
planted 0.5,77,0.013413153777783005,True,0,True,True,True,True,True,True,True,0.66701,0.023991,0.011437,0.41879,1,0.96797,0,0.61199,0.41606,0.25237
planted 0.8,77,0.018388610058729223,True,0,True,True,True,True,True,True,True,0.78136,0.042549,0.010985,0.79671,1,0.99992,0,0.97748,0.93328,0.8506
late slow timing,77,0.0,False,2,True,False,False,False,False,False,True,0.47526,-0.097854,0.003502,-0.45249,1,0.088582,1,,,
rotation,77,0.0,False,2,True,False,False,False,False,False,True,0.64323,-0.0084743,0.0022876,-0.33725,2,0.041613,0,,,
binary rotation,77,0.0,False,2,True,False,False,False,False,False,True,0.61792,-0.010473,0.0041804,-0.2328,2,0.085556,0,,,
top sector,77,0.0,False,2,True,False,False,False,False,False,False,0.37296,-0.035593,0.0029355,-0.29908,1,0.13547,1,,,
near benchmark,77,0.0,False,2,True,False,False,False,False,True,True,0.70336,0.00030958,0.0011302,0.02451,2,0.33469,0,,,
timing,78,0.0,False,2,True,False,True,False,False,False,True,0.51382,-0.0020638,0.01144,-0.035147,1,0.44045,0,,,
slow timing,78,0.0,False,2,True,False,False,False,False,False,True,0.54641,-0.0015038,0.0024785,-0.033164,1,0.4459,0,,,
selection,78,0.0,False,2,True,False,True,False,False,False,True,0.54298,0.0032345,0.011447,0.057476,10,0.07143,0,,,
slow selection,78,0.0,False,4,True,True,True,False,False,True,False,0.65881,0.019558,0.0023128,0.42161,10,0.37801,0,,,
planted 0.5,78,0.013413153777783005,True,0,True,True,True,True,True,True,True,0.73207,0.037526,0.011348,0.63615,1,0.99689,0,0.82649,0.67108,0.49477
planted 0.8,78,0.018388610058729223,True,0,True,True,True,True,True,True,True,0.76497,0.03916,0.011372,0.71693,1,0.99905,0,0.93869,0.85292,0.72423
late slow timing,78,0.0,False,2,True,False,False,False,False,False,True,0.97478,0.045274,0.0043679,0.25311,1,0.78973,0,,,
rotation,78,0.0,False,2,True,False,False,False,False,False,False,0.67265,-0.0028531,0.0023561,-0.10209,2,0.19965,0,,,
binary rotation,78,0.0,False,3,True,True,False,False,False,False,True,0.71878,0.0070053,0.0036814,0.17355,2,0.5384,0,,,
top sector,78,0.0,False,1,False,True,False,False,False,False,True,0.75517,0.039503,0.0023936,0.32346,1,0.85605,1,,,
near benchmark,78,0.0,False,2,True,False,False,False,False,True,True,0.70592,0.00069418,0.0011624,0.058564,2,0.3758,0,,,
timing,79,0.0,False,2,True,False,False,False,False,False,False,0.50112,-0.0051168,0.011047,-0.09562,1,0.34261,0,,,
slow timing,79,0.0,False,2,True,False,False,False,False,False,True,0.47829,-0.014841,0.0023151,-0.33036,1,0.089783,0,,,
selection,79,0.0,False,2,True,False,False,False,False,True,True,0.55641,0.0053462,0.011106,0.092943,10,0.11573,0,,,
slow selection,79,0.0,False,3,True,True,False,False,False,True,False,0.60219,0.0096202,0.0025136,0.19986,10,0.20307,0,,,
planted 0.5,79,0.013413153777783005,True,0,True,True,True,True,True,True,True,0.75496,0.041532,0.011239,0.66335,1,0.99904,0,0.93449,0.84409,0.71031
planted 0.8,79,0.018388610058729223,True,0,True,True,True,True,True,True,True,0.76325,0.046797,0.011276,0.71935,1,0.99992,0,0.96709,0.90733,0.80296
late slow timing,79,0.0,False,2,True,False,False,False,False,False,True,0.54635,-0.056754,0.003618,-0.26855,2,0.094759,0,,,
rotation,79,0.0,False,2,True,False,False,False,False,False,True,0.66167,-0.0049501,0.002528,-0.18649,2,0.11972,0,,,
binary rotation,79,0.0,False,2,True,False,False,False,False,False,True,0.67382,-0.00079737,0.0043036,-0.018947,2,0.27861,0,,,
top sector,79,0.0,False,2,True,False,False,False,False,False,True,0.4196,-0.041499,0.0038548,-0.29431,1,0.19039,0,,,
near benchmark,79,0.0,False,3,True,True,False,False,False,True,True,0.71543,0.0022774,0.0011629,0.18856,1,0.73997,0,,,
timing,80,0.0,False,2,True,False,False,False,False,False,True,0.40502,-0.021977,0.011163,-0.39011,1,0.025835,0,,,
slow timing,80,0.0,False,2,True,False,False,False,False,True,True,0.53976,-0.0022991,0.0024317,-0.047721,1,0.41986,0,,,
selection,80,0.0,False,2,True,False,True,False,False,True,True,0.51766,-0.001342,0.01127,-0.023423,10,0.042009,0,,,
slow selection,80,0.0,False,3,True,True,False,False,False,True,True,0.60074,0.0084634,0.0022148,0.2032,10,0.21888,0,,,
planted 0.5,80,0.013413153777783005,True,0,True,True,True,True,True,True,True,0.81798,0.050608,0.011294,0.95369,1,0.99999,0,0.99558,0.98307,0.95223
planted 0.8,80,0.018388610058729223,True,0,True,True,True,True,True,True,True,0.78073,0.04557,0.011079,0.79122,1,0.99962,0,0.96433,0.90441,0.80296
late slow timing,80,0.0,False,2,True,False,False,False,False,False,True,0.73416,0.0032227,0.0039246,0.014012,2,0.31639,0,,,
rotation,80,0.0,False,2,True,False,False,False,False,False,True,0.60519,-0.014892,0.0023152,-0.53866,2,0.015694,0,,,
binary rotation,80,0.0,False,2,True,False,False,False,False,False,True,0.64892,-0.0056157,0.0030355,-0.13805,2,0.16627,0,,,
top sector,80,0.0,False,2,True,False,False,False,False,False,True,0.47939,-0.02183,0.0036794,-0.18876,1,0.26552,0,,,
near benchmark,80,0.0,False,4,True,True,True,False,False,True,False,0.7254,0.0039483,0.0011554,0.32116,2,0.73904,0,,,
timing,81,0.0,False,4,True,True,True,False,False,True,True,0.58991,0.010917,0.01124,0.19816,1,0.79828,0,,,
slow timing,81,0.0,False,2,True,False,True,False,False,True,True,0.53272,-0.0036266,0.0022546,-0.079295,1,0.37592,0,,,
selection,81,0.0,False,2,True,False,True,False,False,True,False,0.58503,0.010477,0.0112,0.18297,10,0.23224,0,,,
slow selection,81,0.0,False,3,True,True,False,False,False,False,True,0.6577,0.019983,0.0027155,0.39392,10,0.31732,0,,,
planted 0.5,81,0.013413153777783005,True,0,True,True,True,True,True,True,True,0.69349,0.032599,0.011187,0.56182,1,0.99249,0,0.74971,0.57054,0.39098
planted 0.8,81,0.018388610058729223,True,0,True,True,True,True,True,True,True,0.79213,0.047258,0.011197,0.8242,1,0.99977,0,0.97259,0.92186,0.83074
late slow timing,81,0.0,False,2,True,False,False,False,False,False,True,0.80691,0.01069,0.0028445,0.063601,1,0.56925,1,,,
rotation,81,0.0,False,2,True,False,False,False,False,False,True,0.65866,-0.0054324,0.0025805,-0.20023,2,0.11249,0,,,
binary rotation,81,0.0,False,2,True,False,False,False,False,False,True,0.61296,-0.012585,0.0038564,-0.31885,2,0.064906,0,,,
top sector,81,0.0,False,2,True,False,False,False,False,False,True,0.21012,-0.067976,0.0038587,-0.53935,2,0.021649,1,,,
near benchmark,81,0.0,False,2,True,False,False,False,False,True,True,0.67976,-0.0035155,0.001059,-0.241,1,0.23424,0,,,
timing,82,0.0,False,2,True,False,False,False,False,False,True,0.48422,-0.0070512,0.011172,-0.13003,1,0.28243,0,,,
slow timing,82,0.0,False,2,True,False,False,False,False,False,True,0.51136,-0.0081312,0.0022379,-0.17188,1,0.25048,0,,,
selection,82,0.0,False,2,True,False,False,False,False,False,True,0.52742,0.00038771,0.011156,0.0065006,10,0.06127,0,,,
slow selection,82,0.0,False,3,True,True,False,False,False,False,False,0.67437,0.022959,0.0025,0.45413,10,0.3644,0,,,
planted 0.5,82,0.013413153777783005,True,0,True,True,True,True,True,True,True,0.74001,0.03646,0.01087,0.64101,2,0.99074,0,0.85876,0.72058,0.55379
planted 0.8,82,0.018388610058729223,True,0,True,True,True,True,True,True,True,0.70123,0.028517,0.01114,0.51005,1,0.99177,0,0.79002,0.6216,0.44207
late slow timing,82,0.0,False,2,True,False,False,False,False,False,True,0.65849,-0.028584,0.0043698,-0.1379,1,0.33289,0,,,
rotation,82,0.0,False,2,True,False,False,False,False,False,True,0.65297,-0.0068265,0.0024961,-0.27477,2,0.056896,0,,,
binary rotation,82,0.0,False,3,True,True,False,False,False,False,False,0.76927,0.016244,0.0027694,0.3893,2,0.7909,0,,,
top sector,82,0.0,False,2,True,False,False,False,False,False,True,0.29039,-0.072459,0.0027495,-0.54845,1,0.041569,0,,,
near benchmark,82,0.0,False,4,True,True,True,False,False,True,True,0.72164,0.0033334,0.0012194,0.26496,2,0.63296,0,,,
timing,83,0.0,False,2,True,False,False,False,False,False,True,0.51972,-0.001296,0.011304,-0.023607,1,0.4591,0,,,
slow timing,83,0.0,False,2,True,False,False,False,False,False,True,0.52399,-0.0055254,0.0020161,-0.13819,1,0.28792,0,,,
selection,83,0.0,False,2,True,False,False,False,False,False,False,0.55232,0.0052028,0.011535,0.085874,10,0.10192,0,,,
slow selection,83,0.0,False,3,True,True,False,False,False,False,False,0.65654,0.019133,0.0028127,0.41747,10,0.26522,0,,,
planted 0.5,83,0.013413153777783005,False,4,True,True,True,False,False,True,True,0.62338,0.017321,0.011119,0.29188,1,0.89412,0,0.33741,0.18075,0.08622
planted 0.8,83,0.018388610058729223,True,0,True,True,True,True,True,True,True,0.80843,0.047768,0.011342,0.89444,1,0.99985,0,0.97973,0.93986,0.86439
late slow timing,83,0.0,False,3,True,True,False,True,False,False,True,1.105,0.18628,0.0028746,0.67432,2,0.92246,0,,,
rotation,83,0.0,False,3,True,True,False,False,False,False,False,0.74526,0.0096255,0.0026689,0.38702,2,0.84293,0,,,
binary rotation,83,0.0,False,2,True,False,False,False,False,True,True,0.6995,0.0039213,0.004174,0.091557,2,0.42453,0,,,
top sector,83,0.0,False,2,True,False,False,False,False,False,True,0.38899,-0.036792,0.0031157,-0.33859,1,0.12492,0,,,
near benchmark,83,0.0,False,4,True,True,True,False,False,True,False,0.73201,0.0050216,0.0010807,0.40672,2,0.85075,0,,,
timing,84,0.0,False,2,True,False,False,False,False,False,False,0.39193,-0.021827,0.011092,-0.38022,1,0.030294,0,,,
slow timing,84,0.0,False,2,True,False,False,False,False,False,True,0.50447,-0.0084803,0.0025705,-0.17082,1,0.23711,0,,,
selection,84,0.0,False,2,True,False,True,False,False,True,True,0.57379,0.0080804,0.011067,0.14744,10,0.16936,0,,,
slow selection,84,0.0,False,3,True,True,False,False,False,True,True,0.6251,0.014158,0.0025185,0.29146,10,0.22633,0,,,
planted 0.5,84,0.013413153777783005,True,0,True,True,True,True,True,True,True,0.70118,0.031184,0.011125,0.54005,1,0.99371,0,0.78594,0.61485,0.4338
planted 0.8,84,0.018388610058729223,True,0,True,True,True,True,True,True,True,0.82675,0.054283,0.011244,0.91304,1,1,0,0.99453,0.97995,0.94544
late slow timing,84,0.0,False,2,True,False,False,False,False,False,True,0.83341,0.0073514,0.0034642,0.031926,1,0.53564,0,,,
rotation,84,0.0,False,3,True,True,False,False,False,False,True,0.72895,0.0064771,0.0025073,0.29733,2,0.71026,0,,,
binary rotation,84,0.0,False,2,True,False,False,False,False,False,True,0.63365,-0.0078198,0.0033144,-0.18346,2,0.12478,0,,,
top sector,84,0.0,False,2,True,False,False,False,False,True,True,0.69768,0.024529,0.0038551,0.21489,2,0.6069,0,,,
near benchmark,84,0.0,False,3,True,True,False,False,False,True,True,0.72253,0.003461,0.0011217,0.28732,2,0.73759,0,,,
timing,85,0.0,False,2,True,False,False,False,False,False,True,0.39215,-0.024273,0.011677,-0.44834,1,0.016272,0,,,
slow timing,85,0.0,False,2,True,False,False,False,False,False,True,0.52274,-0.0056651,0.002506,-0.13105,1,0.28005,0,,,
selection,85,0.0,False,2,True,False,True,False,False,False,True,0.53236,0.0001578,0.010844,0.0031511,10,0.059265,0,,,
slow selection,85,0.0,False,3,True,True,False,False,False,True,True,0.62411,0.013953,0.002605,0.27044,10,0.24591,0,,,
planted 0.5,85,0.013413153777783005,True,0,True,True,True,True,True,True,True,0.64275,0.020553,0.011152,0.3837,1,0.95258,0,0.54076,0.34665,0.19775
planted 0.8,85,0.018388610058729223,True,0,True,True,True,True,True,True,True,0.76219,0.039221,0.011139,0.74787,1,0.99907,0,0.9235,0.82447,0.68347
late slow timing,85,0.0,False,2,True,False,False,False,False,False,True,0.49879,-0.030813,0.0040968,-0.15322,1,0.30325,0,,,
rotation,85,0.0,False,2,True,False,False,False,False,False,True,0.65907,-0.0057301,0.0022978,-0.23791,2,0.078346,0,,,
binary rotation,85,0.0,False,2,True,False,False,False,False,False,True,0.68206,0.0010957,0.0038495,0.02457,2,0.33144,0,,,
top sector,85,0.0,False,2,True,False,False,False,False,False,True,0.27365,-0.071526,0.0037659,-0.52723,1,0.060312,0,,,
near benchmark,85,0.0,False,2,True,False,False,False,False,True,True,0.66165,-0.0065909,0.0011535,-0.49787,2,0.0147,0,,,
timing,86,0.0,False,2,True,False,False,False,False,False,True,0.36646,-0.028658,0.011502,-0.52804,1,0.013288,0,,,
slow timing,86,0.0,False,2,True,False,False,False,False,False,True,0.52293,-0.0055383,0.0024989,-0.11948,1,0.29422,0,,,
selection,86,0.0,False,4,True,True,True,False,False,True,False,0.60538,0.014121,0.010874,0.24387,10,0.25539,0,,,
slow selection,86,0.0,False,3,True,True,False,False,False,False,False,0.66745,0.021253,0.0024723,0.46515,10,0.36069,0,,,
planted 0.5,86,0.013413153777783005,True,0,True,True,True,True,True,True,True,0.8193,0.051888,0.011173,0.95827,1,0.99996,0,0.9882,0.96149,0.90559
planted 0.8,86,0.018388610058729223,True,0,True,True,True,True,True,True,True,0.88137,0.057186,0.01092,1.0859,1,1,0,0.99866,0.99393,0.9801
late slow timing,86,0.0,False,2,True,False,False,False,False,False,True,0.62788,0.012043,0.0042286,0.048168,2,0.35402,1,,,
rotation,86,0.0,False,2,True,False,False,False,False,False,True,0.6588,-0.005218,0.0024773,-0.17588,2,0.14166,0,,,
binary rotation,86,0.0,False,2,True,False,False,False,False,False,False,0.62609,-0.0097589,0.0034058,-0.23984,2,0.070779,0,,,
top sector,86,0.0,False,2,True,False,False,False,False,False,True,0.49932,-0.0206,0.0035926,-0.19948,2,0.1056,0,,,
near benchmark,86,0.0,False,2,True,False,False,False,False,True,True,0.67406,-0.0046034,0.0011599,-0.4132,2,0.023222,0,,,
timing,87,0.0,False,2,True,False,True,False,False,True,True,0.57324,0.0086668,0.011516,0.14835,1,0.74085,0,,,
slow timing,87,0.0,False,2,True,False,False,False,False,False,True,0.47521,-0.014047,0.0024192,-0.29473,1,0.10678,0,,,
selection,87,0.0,False,2,True,False,False,False,False,False,True,0.50675,-0.0027612,0.011044,-0.048247,10,0.03701,0,,,
slow selection,87,0.0,False,6,True,True,True,True,True,False,False,0.8235,0.04688,0.0024219,1.0801,10,0.96609,0,,,
planted 0.5,87,0.013413153777783005,True,0,True,True,True,True,True,True,True,0.79695,0.045672,0.011383,0.79795,1,0.99984,0,0.97331,0.92349,0.83348
planted 0.8,87,0.018388610058729223,True,0,True,True,True,True,True,True,True,0.75721,0.043221,0.011297,0.72459,1,0.99901,0,0.93735,0.85055,0.72103
late slow timing,87,0.0,False,2,True,False,False,False,False,False,True,0.83296,0.042936,0.0034144,0.27183,1,0.83515,0,,,
rotation,87,0.0,False,2,True,False,False,False,False,False,False,0.60727,-0.014719,0.0026963,-0.5303,2,0.0073229,0,,,
binary rotation,87,0.0,False,2,True,False,False,False,False,False,True,0.68701,0.001619,0.0026838,0.038365,2,0.35255,0,,,
top sector,87,0.0,False,2,True,False,False,False,False,False,True,0.67008,0.014535,0.0037649,0.13794,1,0.68556,1,,,
near benchmark,87,0.0,False,2,True,False,False,False,False,True,True,0.69391,-0.0013082,0.0010988,-0.11068,2,0.18604,0,,,
timing,88,0.0,False,2,True,False,False,False,False,False,True,0.5516,0.0043638,0.011424,0.07819,1,0.62625,0,,,
slow timing,88,0.0,False,2,True,False,False,False,False,False,True,0.49059,-0.012126,0.0023007,-0.26253,1,0.17362,0,,,
selection,88,0.0,False,2,True,False,False,False,False,False,True,0.49949,-0.0047687,0.010894,-0.087526,10,0.025926,0,,,
slow selection,88,0.0,False,3,True,True,False,False,False,False,True,0.61558,0.011438,0.0024158,0.25881,10,0.15354,0,,,
planted 0.5,88,0.013413153777783005,False,2,True,False,True,False,False,True,True,0.54779,0.0055191,0.01139,0.095938,1,0.65505,0,0.11985,0.047007,0.01651
planted 0.8,88,0.018388610058729223,True,0,True,True,True,True,True,True,True,0.75687,0.040525,0.011363,0.72292,1,0.99933,0,0.92605,0.82936,0.6906
late slow timing,88,0.0,False,2,True,False,False,False,False,False,True,0.21583,-0.19339,0.0029358,-0.72702,1,0.015565,0,,,
rotation,88,0.0,False,2,True,False,False,False,False,False,True,0.62885,-0.01112,0.0025252,-0.47575,2,0.0092847,0,,,
binary rotation,88,0.0,False,2,True,False,False,False,False,False,True,0.56063,-0.021458,0.0039442,-0.50253,2,0.015005,0,,,
top sector,88,0.0,False,1,False,False,False,False,False,True,True,0.62301,0.0069588,0.0023863,0.068178,1,0.60182,0,,,
near benchmark,88,0.0,False,2,True,False,False,False,False,True,True,0.67613,-0.0042463,0.0012354,-0.36333,2,0.029873,0,,,
timing,89,0.0,False,2,True,False,False,False,False,False,True,0.43566,-0.016565,0.010853,-0.30923,1,0.097168,0,,,
slow timing,89,0.0,False,2,True,False,False,False,False,False,True,0.44159,-0.021191,0.0024443,-0.5184,1,0.022226,0,,,
selection,89,0.0,False,2,True,False,False,False,False,False,True,0.51035,-0.0027848,0.011278,-0.0519,10,0.0354,0,,,
slow selection,89,0.0,False,3,True,True,False,False,False,False,False,0.67622,0.023356,0.0025513,0.46242,10,0.49358,0,,,
planted 0.5,89,0.013413153777783005,False,4,True,True,True,False,False,True,True,0.61124,0.015768,0.010794,0.29261,1,0.88099,0,0.32517,0.17085,0.079739
planted 0.8,89,0.018388610058729223,False,4,True,True,True,False,False,True,True,0.6049,0.014753,0.011706,0.25492,1,0.87101,0,0.26941,0.13296,0.058337
late slow timing,89,0.0,False,5,True,True,True,True,False,False,True,1.1818,0.14385,0.0039862,0.64038,1,0.97909,0,,,
rotation,89,0.0,False,3,True,True,False,False,False,False,True,0.71084,0.0035142,0.0023153,0.14425,2,0.5055,0,,,
binary rotation,89,0.0,False,2,True,False,False,False,False,False,True,0.68081,0.00069185,0.0038586,0.015866,2,0.32023,0,,,
top sector,89,0.0,False,2,True,False,False,False,False,False,True,0.44548,-0.029369,0.0044883,-0.24269,2,0.081938,0,,,
near benchmark,89,0.0,False,2,True,False,False,False,False,True,False,0.70229,0.00010699,0.0011372,0.0087319,1,0.51177,0,,,
timing,90,0.0,False,2,True,False,False,False,False,False,True,0.45,-0.012035,0.011104,-0.21878,1,0.15748,0,,,
slow timing,90,0.0,False,2,True,False,False,False,False,False,True,0.45619,-0.018266,0.0022517,-0.38996,1,0.058722,0,,,
selection,90,0.0,False,2,True,False,False,False,False,False,True,0.49362,-0.0059801,0.010961,-0.10904,10,0.021923,0,,,
slow selection,90,0.0,False,3,True,True,False,False,False,True,False,0.59881,0.0083569,0.0025747,0.19063,10,0.19618,0,,,
planted 0.5,90,0.013413153777783005,True,0,True,True,True,True,True,True,True,0.68149,0.025559,0.0109,0.47986,1,0.97868,0,0.67598,0.48363,0.30955
planted 0.8,90,0.018388610058729223,True,0,True,True,True,True,True,True,True,0.80517,0.045188,0.010744,0.84036,1,0.99986,0,0.95885,0.89326,0.78577
late slow timing,90,0.0,False,1,False,True,False,True,False,False,True,1.1653,0.085194,0.0034447,0.51638,1,0.9097,1,,,
rotation,90,0.0,False,2,True,False,False,False,False,False,True,0.64547,-0.0080425,0.0024284,-0.31676,2,0.040906,0,,,
binary rotation,90,0.0,False,2,True,False,False,False,False,False,True,0.59878,-0.014472,0.0038535,-0.3471,2,0.045583,0,,,
top sector,90,0.0,False,2,True,False,False,False,False,False,True,0.62442,0.016711,0.0039387,0.12402,1,0.6517,1,,,
near benchmark,90,0.0,False,2,True,False,False,False,False,True,True,0.70459,0.00053185,0.0010758,0.040953,2,0.35022,0,,,
timing,91,0.0,False,2,True,False,False,False,False,False,True,0.37843,-0.02547,0.011119,-0.39318,1,0.013355,0,,,
slow timing,91,0.0,False,2,True,False,False,False,False,False,True,0.47562,-0.014301,0.0025741,-0.27743,1,0.1055,0,,,
selection,91,0.0,False,2,True,False,True,False,False,True,False,0.57348,0.009626,0.011509,0.15378,10,0.17578,0,,,
slow selection,91,0.0,False,3,True,True,False,False,False,False,True,0.65527,0.017776,0.0024375,0.45598,10,0.34364,0,,,
planted 0.5,91,0.013413153777783005,True,0,True,True,True,True,True,True,True,0.75494,0.041842,0.011292,0.76169,1,0.99963,0,0.9604,0.89536,0.78738
planted 0.8,91,0.018388610058729223,False,7,True,True,True,True,True,True,False,0.91715,0.065914,0.01088,1.2157,1,1,0,0.99982,0.99894,0.99557
late slow timing,91,0.0,False,1,False,False,False,False,False,False,True,0.75568,0.025576,0.0018479,0.14884,1,0.67057,0,,,
rotation,91,0.0,False,2,True,False,False,False,False,False,True,0.68871,-0.00056511,0.0026019,-0.024762,2,0.27326,0,,,
binary rotation,91,0.0,False,2,True,False,False,False,False,False,True,0.50207,-0.031978,0.0039053,-0.76916,2,0.00029863,0,,,
top sector,91,0.0,False,2,True,False,False,False,False,False,True,0.55224,-0.011023,0.0033161,-0.11239,1,0.35901,0,,,
near benchmark,91,0.0,False,2,True,False,False,False,False,True,True,0.69858,-0.00043104,0.0010572,-0.032217,2,0.26786,0,,,
timing,92,0.0,False,2,True,False,False,False,False,False,True,0.45191,-0.012473,0.01094,-0.21339,1,0.16758,0,,,
slow timing,92,0.0,True,0,True,True,True,True,True,True,True,0.67334,0.0239,0.0024927,0.44764,1,0.96769,0,,,
selection,92,0.0,False,2,True,False,False,False,False,False,True,0.55502,0.0064535,0.011372,0.10274,10,0.14118,0,,,
slow selection,92,0.0,False,4,True,True,True,False,False,False,True,0.71935,0.030539,0.0028184,0.65249,10,0.62447,0,,,
planted 0.5,92,0.013413153777783005,False,5,True,True,True,True,False,True,True,0.62053,0.017447,0.011567,0.30229,1,0.90448,0,0.31542,0.16381,0.075532
planted 0.8,92,0.018388610058729223,True,0,True,True,True,True,True,True,True,0.72094,0.035213,0.011234,0.61818,1,0.99626,0,0.86769,0.73294,0.56713
late slow timing,92,0.0,False,2,True,False,False,False,False,False,True,0.45631,-0.079713,0.0033952,-0.2978,1,0.18683,0,,,
rotation,92,0.0,False,2,True,False,False,False,False,False,True,0.65685,-0.0060145,0.0024772,-0.24429,2,0.073843,0,,,
binary rotation,92,0.0,False,2,True,False,False,False,False,False,True,0.64437,-0.0062604,0.0042221,-0.15291,2,0.14436,0,,,
top sector,92,0.0,False,2,True,False,False,False,False,True,True,0.58959,0.0038644,0.0042213,0.03666,1,0.5566,0,,,
near benchmark,92,0.0,False,2,True,False,False,False,False,True,True,0.6587,-0.007047,0.0011368,-0.51352,2,0.012241,0,,,
timing,93,0.0,False,2,True,False,False,False,False,False,True,0.34302,-0.030891,0.011302,-0.50644,1,0.0094141,0,,,
slow timing,93,0.0,False,2,True,False,False,False,False,False,True,0.53881,-0.0025239,0.0026593,-0.055624,1,0.41732,0,,,
selection,93,0.0,False,2,True,False,True,False,False,True,True,0.57072,0.0074084,0.011086,0.13677,10,0.069637,0,,,
slow selection,93,0.0,False,3,True,True,False,False,False,True,False,0.68008,0.023979,0.0026007,0.51897,10,0.5154,0,,,
planted 0.5,93,0.013413153777783005,True,0,True,True,True,True,True,True,True,0.78982,0.045675,0.011473,0.81888,1,0.99981,0,0.96688,0.90987,0.81179
planted 0.8,93,0.018388610058729223,True,0,True,True,True,True,True,True,True,0.90358,0.064817,0.011528,1.1111,1,1,0,0.99944,0.99716,0.98962
late slow timing,93,0.0,False,2,True,False,False,False,False,False,True,0.42052,-0.047526,0.0028793,-0.30063,1,0.15125,0,,,
rotation,93,0.0,False,2,True,False,False,False,False,False,True,0.61936,-0.012729,0.0026922,-0.49849,2,0.0076341,0,,,
binary rotation,93,0.0,False,2,True,False,False,False,False,False,True,0.64397,-0.0061487,0.0032342,-0.14548,2,0.1282,0,,,
top sector,93,0.0,False,2,True,False,False,False,False,False,True,0.18328,-0.072175,0.0040419,-0.68615,1,0.0097661,0,,,
near benchmark,93,0.0,False,2,True,False,False,False,False,True,True,0.69945,-0.00031835,0.0010403,-0.024407,2,0.27507,0,,,
timing,94,0.0,False,2,True,False,False,False,False,False,True,0.46167,-0.012412,0.011917,-0.21713,1,0.1468,0,,,
slow timing,94,0.0,False,2,True,False,False,False,False,True,True,0.55309,0.00053305,0.0025026,0.010685,1,0.51849,0,,,
selection,94,0.0,False,2,True,False,False,False,False,False,True,0.5477,0.0036546,0.0113,0.065717,10,0.096598,0,,,
slow selection,94,0.0,False,4,True,True,True,False,False,True,False,0.68477,0.022284,0.0020622,0.56849,10,0.45939,0,,,
planted 0.5,94,0.013413153777783005,False,7,True,True,True,True,True,True,False,0.69824,0.032882,0.01139,0.57559,1,0.99333,0,0.8126,0.65078,0.4717
planted 0.8,94,0.018388610058729223,True,0,True,True,True,True,True,True,True,0.81993,0.051624,0.011446,0.95327,1,0.99998,0,0.99179,0.97122,0.9251
late slow timing,94,0.0,False,2,True,False,False,False,False,False,True,0.73404,0.021221,0.0030415,0.12181,1,0.63273,1,,,
rotation,94,0.0,False,2,True,False,False,False,False,True,True,0.63707,-0.0091095,0.0023935,-0.32353,2,0.037136,0,,,
binary rotation,94,0.0,False,3,True,True,False,False,False,False,True,0.72641,0.008353,0.0030394,0.20927,2,0.62126,0,,,
top sector,94,0.0,False,3,True,True,False,True,False,False,False,0.82447,0.051025,0.0040456,0.43248,1,0.9429,0,,,
near benchmark,94,0.0,False,2,True,False,False,False,False,True,True,0.67937,-0.0035091,0.0010627,-0.24014,2,0.10081,0,,,
timing,95,0.0,False,2,True,False,False,False,False,False,True,0.44587,-0.015661,0.010936,-0.28359,1,0.11289,0,,,
slow timing,95,0.0,False,3,True,True,False,False,False,False,True,0.5972,0.0084042,0.0024249,0.18205,1,0.77379,0,,,
selection,95,0.0,False,2,True,False,False,False,False,False,False,0.50856,-0.0036411,0.011184,-0.068623,10,0.030264,0,,,
slow selection,95,0.0,False,2,True,False,False,False,False,False,True,0.56144,0.0017557,0.0023969,0.038523,10,0.081981,0,,,
planted 0.5,95,0.013413153777783005,True,0,True,True,True,True,True,True,True,0.67377,0.026334,0.011547,0.48276,1,0.97989,0,0.67019,0.47682,0.30323
planted 0.8,95,0.018388610058729223,True,0,True,True,True,True,True,True,True,0.8012,0.048568,0.010693,0.88254,1,0.99986,0,0.97978,0.94016,0.86527
late slow timing,95,0.0,False,2,True,False,False,False,False,False,True,0.42264,-0.070883,0.0045484,-0.32125,2,0.072795,0,,,
rotation,95,0.0,False,2,True,False,False,False,False,False,True,0.61782,-0.012592,0.0021916,-0.4483,2,0.012573,0,,,
binary rotation,95,0.0,False,2,True,False,False,False,False,False,True,0.66009,-0.0036135,0.0037643,-0.090542,2,0.19334,0,,,
top sector,95,0.0,False,2,True,False,False,False,False,False,True,0.61118,0.0059495,0.0033046,0.050646,1,0.5678,0,,,
near benchmark,95,0.0,False,2,True,False,False,False,False,True,True,0.70669,0.00085524,0.0011736,0.068136,2,0.38659,0,,,
timing,96,0.0,False,2,True,False,False,False,False,False,False,0.49319,-0.0058898,0.011152,-0.1078,1,0.32305,0,,,
slow timing,96,0.0,False,2,True,False,False,False,False,False,True,0.45198,-0.019969,0.002287,-0.4501,1,0.029903,0,,,
selection,96,0.0,False,2,True,False,False,False,False,False,True,0.49951,-0.0055167,0.01134,-0.1061,10,0.021255,0,,,
slow selection,96,0.0,False,4,True,True,True,False,False,True,True,0.66546,0.020614,0.0026794,0.44325,10,0.33185,0,,,
planted 0.5,96,0.013413153777783005,True,0,True,True,True,True,True,True,True,0.71278,0.032655,0.011243,0.57933,1,0.99491,0,0.8447,0.69887,0.52767
planted 0.8,96,0.018388610058729223,True,0,True,True,True,True,True,True,True,0.90166,0.065438,0.010839,1.2133,1,1,0,0.99955,0.99764,0.99108
late slow timing,96,0.0,False,2,True,False,False,False,False,False,True,0.91257,0.082402,0.0041733,0.33733,1,0.80502,0,,,
rotation,96,0.0,False,2,True,False,False,False,False,False,True,0.69024,9.314e-06,0.0022651,0.0003611,2,0.30209,0,,,
binary rotation,96,0.0,False,2,True,False,False,False,False,False,True,0.60034,-0.014467,0.0034039,-0.34987,2,0.037569,0,,,
top sector,96,0.0,False,2,True,False,False,False,False,False,True,0.4954,-0.02057,0.0051412,-0.18584,1,0.25847,0,,,
near benchmark,96,0.0,False,2,True,False,False,False,False,True,True,0.70436,0.00051241,0.0010597,0.038538,2,0.3445,0,,,
timing,97,0.0,False,2,True,False,True,False,False,False,True,0.53156,0.00072928,0.011243,0.012864,1,0.52232,0,,,
slow timing,97,0.0,False,2,True,False,False,False,False,False,True,0.55243,-0.00015171,0.0024324,-0.0033586,1,0.49446,0,,,
selection,97,0.0,False,2,True,False,True,False,False,True,True,0.53448,0.0015495,0.01103,0.026382,10,0.064041,0,,,
slow selection,97,0.0,False,3,True,True,False,False,False,True,False,0.5825,0.0062932,0.0024774,0.12619,10,0.14725,0,,,
planted 0.5,97,0.013413153777783005,False,5,True,True,True,True,False,True,True,0.69453,0.028599,0.011174,0.52422,1,0.99003,0,0.77179,0.59614,0.41441
planted 0.8,97,0.018388610058729223,True,0,True,True,True,True,True,True,True,0.7553,0.040729,0.011149,0.73066,1,0.99905,0,0.89155,0.77052,0.61314
late slow timing,97,0.0,False,2,True,False,False,False,False,False,True,0.72068,-0.05138,0.0038066,-0.36721,1,0.15761,0,,,
rotation,97,0.0,False,2,True,False,False,False,False,False,True,0.67906,-0.0019422,0.0023677,-0.074885,2,0.20973,0,,,
binary rotation,97,0.0,False,2,True,False,False,False,False,False,True,0.68633,0.0011689,0.0030449,0.02902,2,0.33816,0,,,
top sector,97,0.0,False,5,True,True,True,True,False,False,True,0.81602,0.062558,0.0038643,0.43803,1,0.92558,0,,,
near benchmark,97,0.0,False,2,True,False,False,False,False,True,True,0.67952,-0.0036647,0.001059,-0.28033,2,0.06871,0,,,
timing,98,0.0,False,2,True,False,False,False,False,False,True,0.4697,-0.011013,0.011008,-0.20144,1,0.18369,0,,,
slow timing,98,0.0,False,3,True,True,False,False,False,False,True,0.5744,0.0034321,0.0023001,0.083042,1,0.64117,0,,,
selection,98,0.0,False,2,True,False,False,False,False,False,True,0.52889,-0.00030344,0.011399,-0.0056834,10,0.055137,0,,,
slow selection,98,0.0,False,4,True,True,True,False,False,True,True,0.63336,0.01468,0.0024068,0.30963,10,0.38868,0,,,
planted 0.5,98,0.013413153777783005,False,7,True,True,True,True,True,True,False,0.63327,0.019981,0.0116,0.34346,1,0.94411,0,0.50342,0.3112,0.17062
planted 0.8,98,0.018388610058729223,False,7,True,True,True,True,True,True,False,0.80628,0.047891,0.011056,0.8713,1,0.9999,0,0.97613,0.93108,0.84837
late slow timing,98,0.0,False,2,True,False,False,False,False,False,True,0.88223,0.029138,0.0049271,0.15053,2,0.4766,1,,,
rotation,98,0.0,False,2,True,False,False,False,False,False,True,0.67051,-0.0038076,0.0022987,-0.16598,2,0.11667,0,,,
binary rotation,98,0.0,False,3,True,True,False,False,False,False,True,0.70665,0.0050621,0.003818,0.12066,2,0.44962,0,,,
top sector,98,0.0,False,2,True,False,False,False,False,False,True,0.47858,-0.01925,0.0037698,-0.17497,2,0.14217,0,,,
near benchmark,98,0.0,False,2,True,False,False,False,False,True,True,0.6686,-0.0054659,0.0010518,-0.42835,2,0.021461,0,,,
timing,99,0.0,False,2,True,False,False,False,False,False,False,0.48877,-0.0070625,0.010981,-0.13464,1,0.28028,0,,,
slow timing,99,0.0,False,2,True,False,False,False,False,False,True,0.51748,-0.0067466,0.0025716,-0.13664,1,0.29946,0,,,
selection,99,0.0,False,2,True,False,True,False,False,False,False,0.53777,0.0015318,0.011099,0.027027,10,0.072262,0,,,
slow selection,99,0.0,False,4,True,True,True,False,False,True,True,0.65942,0.019505,0.0025381,0.41913,11,0.44713,0,,,
planted 0.5,99,0.013413153777783005,True,0,True,True,True,True,True,True,True,0.75734,0.037718,0.011033,0.66693,1,0.99879,0,0.92893,0.83544,0.70019
planted 0.8,99,0.018388610058729223,True,0,True,True,True,True,True,True,True,0.80342,0.049897,0.012076,0.84212,1,0.99994,0,0.98934,0.96519,0.91422
late slow timing,99,0.0,False,2,True,False,False,False,False,False,True,0.62894,-0.085672,0.0038661,-0.37257,1,0.14632,0,,,
rotation,99,0.0,False,2,True,False,False,False,False,False,True,0.68527,-0.00070316,0.0023965,-0.025671,2,0.27109,0,,,
binary rotation,99,0.0,False,2,True,False,False,False,False,False,True,0.6183,-0.010312,0.0033104,-0.23157,2,0.079977,0,,,
top sector,99,0.0,False,2,True,False,False,False,False,False,True,0.37153,-0.043385,0.0041119,-0.36704,1,0.097354,1,,,
near benchmark,99,0.0,False,2,True,False,False,False,False,True,True,0.68151,-0.0033243,0.0010654,-0.26295,2,0.06138,0,,,
timing,100,0.0,False,2,True,False,False,False,False,False,True,0.41777,-0.018558,0.011263,-0.34235,1,0.075077,0,,,
slow timing,100,0.0,False,3,True,True,False,False,False,True,True,0.61267,0.0119,0.0024899,0.23795,1,0.82748,0,,,
selection,100,0.0,False,4,True,True,True,False,False,True,False,0.6009,0.012634,0.011221,0.23472,10,0.32437,0,,,
slow selection,100,0.0,False,4,True,True,True,False,False,True,True,0.57875,0.0061191,0.0024774,0.11355,10,0.13477,0,,,
planted 0.5,100,0.013413153777783005,False,2,True,False,True,False,False,True,True,0.5478,0.0033381,0.011295,0.060281,1,0.60277,0,0.07301,0.025451,0.007991
planted 0.8,100,0.018388610058729223,True,0,True,True,True,True,True,True,True,0.81002,0.049053,0.011403,0.90812,1,0.99994,0,0.98742,0.95893,0.89969
late slow timing,100,0.0,False,2,True,False,False,False,False,False,True,0.16812,-0.17897,0.0042146,-0.76397,1,0.00757,0,,,
rotation,100,0.0,False,2,True,False,False,False,False,False,True,0.68863,-0.00048581,0.0017737,-0.020549,2,0.28038,0,,,
binary rotation,100,0.0,False,2,True,False,False,False,False,False,False,0.66623,-0.0021154,0.0034789,-0.050071,2,0.23158,0,,,
top sector,100,0.0,False,3,True,True,False,False,False,True,False,0.71581,0.022625,0.0032174,0.22077,2,0.60218,0,,,
near benchmark,100,0.0,False,2,True,False,False,False,False,True,True,0.68945,-0.0020024,0.0012303,-0.15778,2,0.14992,0,,,
timing,101,0.0,False,2,True,False,False,False,False,False,True,0.49311,-0.0062313,0.011083,-0.11604,1,0.30273,0,,,
slow timing,101,0.0,False,2,True,False,False,False,False,True,True,0.54845,0.00023756,0.0025486,0.0047551,1,0.50819,0,,,
selection,101,0.0,False,4,True,True,True,False,False,True,False,0.62247,0.018675,0.011477,0.28466,11,0.2088,0,,,
slow selection,101,0.0,False,3,True,True,False,False,False,False,True,0.68875,0.027549,0.0029448,0.48855,10,0.36976,0,,,
planted 0.5,101,0.013413153777783005,True,0,True,True,True,True,True,True,True,0.70642,0.031081,0.01121,0.51869,1,0.98418,0,0.72154,0.53696,0.35919
planted 0.8,101,0.018388610058729223,True,0,True,True,True,True,True,True,True,0.89809,0.063497,0.011109,1.1674,1,1,0,0.99883,0.99453,0.98156
late slow timing,101,0.0,False,2,True,False,False,False,False,False,True,0.53908,-0.07158,0.0038189,-0.33279,2,0.064008,0,,,
rotation,101,0.0,False,2,True,False,False,False,False,False,True,0.68927,0.0001877,0.0024408,0.0063985,2,0.30914,0,,,
binary rotation,101,0.0,False,2,True,False,False,False,False,False,True,0.59683,-0.015088,0.0031365,-0.36371,2,0.026803,0,,,
top sector,101,0.0,False,2,True,False,False,False,False,False,True,0.31717,-0.056875,0.0033969,-0.41017,1,0.1206,0,,,
near benchmark,101,0.0,False,2,True,False,False,False,False,True,True,0.65011,-0.0085507,0.0011015,-0.70498,2,0.002584,0,,,
timing,102,0.0,False,2,True,False,False,False,False,False,True,0.46688,-0.012113,0.011339,-0.23049,1,0.16385,0,,,
slow timing,102,0.0,False,3,True,True,False,False,False,False,True,0.60841,0.0099646,0.0022856,0.22911,1,0.83516,0,,,
selection,102,0.0,False,2,True,False,True,False,False,True,True,0.57235,0.0084587,0.011341,0.14767,10,0.17999,0,,,
slow selection,102,0.0,False,3,True,True,False,False,False,False,False,0.63162,0.015456,0.0023258,0.30905,10,0.33623,0,,,
planted 0.5,102,0.013413153777783005,True,0,True,True,True,True,True,True,True,0.78482,0.044086,0.011289,0.80576,1,0.99993,0,0.98354,0.94891,0.88044
planted 0.8,102,0.018388610058729223,True,0,True,True,True,True,True,True,True,0.7995,0.05011,0.011638,0.9206,1,0.99997,0,0.9887,0.9626,0.90737
late slow timing,102,0.0,False,2,True,False,False,False,False,False,True,0.67098,-0.0041759,0.0030405,-0.027941,1,0.46615,1,,,
rotation,102,0.0,False,2,True,False,False,False,False,False,False,0.67181,-0.0032663,0.0022368,-0.12574,2,0.16199,0,,,
binary rotation,102,0.0,False,2,True,False,False,False,False,False,True,0.5645,-0.020723,0.0027688,-0.49532,2,0.016515,0,,,
top sector,102,0.0,False,4,True,True,True,False,False,False,True,0.74658,0.03332,0.0040493,0.29183,1,0.83204,0,,,
near benchmark,102,0.0,False,2,True,False,False,False,False,True,True,0.65691,-0.0074512,0.0010894,-0.5741,2,0.0072235,0,,,
timing,103,0.0,False,2,True,False,False,False,False,False,True,0.35431,-0.033153,0.011123,-0.56716,1,0.0046032,0,,,
slow timing,103,0.0,False,3,True,True,False,False,False,True,False,0.6211,0.011694,0.0025144,0.27939,1,0.86455,0,,,
selection,103,0.0,False,2,True,False,False,False,False,False,True,0.48876,-0.0077339,0.01131,-0.14545,10,0.011623,0,,,
slow selection,103,0.0,False,3,True,True,False,False,False,False,True,0.59833,0.0088686,0.0026639,0.1836,10,0.21253,0,,,
planted 0.5,103,0.013413153777783005,True,0,True,True,True,True,True,True,True,0.73221,0.036102,0.011171,0.65779,1,0.99852,0,0.89577,0.77718,0.6213
planted 0.8,103,0.018388610058729223,True,0,True,True,True,True,True,True,True,0.65497,0.023487,0.011373,0.40528,1,0.96141,0,0.48449,0.29549,0.16001
late slow timing,103,0.0,False,3,True,True,False,False,False,False,True,0.98921,0.079577,0.0035057,0.37026,1,0.86922,0,,,
rotation,103,0.0,False,2,True,False,False,False,False,False,True,0.66987,-0.0038087,0.0023534,-0.15755,2,0.15025,0,,,
binary rotation,103,0.0,False,2,True,False,False,False,False,False,True,0.61054,-0.012536,0.0033304,-0.31027,2,0.046814,0,,,
top sector,103,0.0,False,2,True,False,False,False,False,False,True,0.62567,0.013701,0.0035013,0.106,1,0.64323,1,,,
near benchmark,103,0.0,False,2,True,False,False,False,False,True,True,0.65416,-0.0079486,0.0011555,-0.6453,2,0.0029851,0,,,
timing,104,0.0,False,2,True,False,False,False,False,False,True,0.38819,-0.023428,0.011465,-0.40688,1,0.035169,0,,,
slow timing,104,0.0,False,2,True,False,False,False,False,False,True,0.54012,-0.0029765,0.0025071,-0.073195,2,0.20822,0,,,
selection,104,0.0,False,4,True,True,True,False,False,True,True,0.59391,0.012635,0.011237,0.20976,10,0.2389,0,,,
slow selection,104,0.0,False,4,True,True,True,False,False,False,True,0.69953,0.029079,0.0030189,0.50913,10,0.27933,0,,,
planted 0.5,104,0.013413153777783005,False,4,True,True,True,False,False,True,True,0.62019,0.015061,0.011367,0.27796,1,0.87704,0,0.33526,0.17779,0.083696
planted 0.8,104,0.018388610058729223,True,0,True,True,True,True,True,True,True,0.77856,0.045285,0.011418,0.83806,1,0.99965,0,0.96613,0.90843,0.80972
late slow timing,104,0.0,False,2,True,False,False,False,False,False,True,0.0098952,-0.14727,0.0040917,-0.61296,2,0.0076744,0,,,
rotation,104,0.0,False,2,True,False,False,False,False,False,True,0.62467,-0.011654,0.0023614,-0.45248,2,0.014959,0,,,
binary rotation,104,0.0,False,3,True,True,False,False,False,False,True,0.69767,0.0034449,0.0035008,0.082331,2,0.41581,0,,,
top sector,104,0.0,False,3,True,True,False,True,True,False,True,0.81635,0.044494,0.003664,0.41558,1,0.92521,0,,,
near benchmark,104,0.0,False,2,True,False,False,False,False,True,True,0.68831,-0.0020928,0.0011613,-0.14529,2,0.16264,0,,,
timing,105,0.0,False,2,True,False,False,False,False,False,True,0.37179,-0.027276,0.011322,-0.46438,1,0.016785,0,,,
slow timing,105,0.0,False,3,True,True,False,False,False,True,True,0.60303,0.0096345,0.0023781,0.20708,1,0.79649,0,,,
selection,105,0.0,False,2,True,False,False,False,False,False,False,0.52943,-0.00020895,0.011076,-0.0039888,10,0.055607,0,,,
slow selection,105,0.0,False,4,True,True,True,False,False,True,True,0.76776,0.046167,0.0027947,0.59766,10,0.63468,0,,,
planted 0.5,105,0.013413153777783005,True,0,True,True,True,True,True,True,True,0.73809,0.036871,0.011055,0.65096,2,0.98928,0,0.87951,0.74969,0.58554
planted 0.8,105,0.018388610058729223,True,0,True,True,True,True,True,True,True,0.73512,0.035529,0.011432,0.66307,1,0.99964,0,0.93822,0.85158,0.72169
late slow timing,105,0.0,False,2,True,False,False,False,False,False,True,0.89146,0.02719,0.0024671,0.17259,1,0.71158,0,,,
rotation,105,0.0,False,2,True,False,False,False,False,False,True,0.64634,-0.0075532,0.0027256,-0.27253,2,0.076821,0,,,
binary rotation,105,0.0,False,2,True,False,False,False,False,False,True,0.66443,-0.0025073,0.0037261,-0.059272,2,0.23032,0,,,
top sector,105,0.0,False,3,True,True,False,False,False,False,False,0.74629,0.026198,0.0041245,0.27662,1,0.82753,0,,,
near benchmark,105,0.0,False,2,True,False,False,False,False,True,True,0.69902,-0.00038051,0.0011904,-0.028844,2,0.26842,0,,,
timing,106,0.0,False,2,True,False,False,False,False,False,False,0.39847,-0.022192,0.011428,-0.33663,1,0.055266,0,,,
slow timing,106,0.0,False,2,True,False,False,False,False,False,True,0.44157,-0.019613,0.0022836,-0.43322,1,0.044802,0,,,
selection,106,0.0,False,2,True,False,True,False,False,True,True,0.58353,0.0091639,0.010997,0.17818,10,0.2027,0,,,
slow selection,106,0.0,False,3,True,True,False,False,False,False,True,0.62565,0.013983,0.0026201,0.2959,10,0.23513,0,,,
planted 0.5,106,0.013413153777783005,True,0,True,True,True,True,True,True,True,0.67162,0.02348,0.011195,0.43925,1,0.96863,0,0.59912,0.40262,0.24112
planted 0.8,106,0.018388610058729223,True,0,True,True,True,True,True,True,True,0.81775,0.053161,0.011359,0.90617,1,0.99999,0,0.99711,0.98808,0.96413
late slow timing,106,0.0,False,2,True,False,False,False,False,False,True,0.70523,-0.031731,0.0023284,-0.15725,1,0.31385,1,,,
rotation,106,0.0,False,2,True,False,False,False,False,False,True,0.66236,-0.004841,0.002411,-0.18021,2,0.13367,0,,,
binary rotation,106,0.0,False,2,True,False,False,False,False,False,True,0.6405,-0.0068406,0.0032309,-0.16373,2,0.13347,0,,,
top sector,106,0.0,False,3,True,True,False,False,False,True,True,0.75506,0.037715,0.0050514,0.31723,1,0.85897,0,,,
near benchmark,106,0.0,False,3,True,True,False,False,False,True,True,0.72894,0.0045573,0.0010583,0.36045,2,0.78173,0,,,
timing,107,0.0,False,2,True,False,False,False,False,False,True,0.40891,-0.020378,0.011321,-0.34616,1,0.068628,0,,,
slow timing,107,0.0,False,2,True,False,False,False,False,False,True,0.55549,0.0020164,0.00286,0.035692,1,0.55317,0,,,
selection,107,0.0,False,2,True,False,False,False,False,False,True,0.51312,-0.0019128,0.011365,-0.03376,10,0.042545,0,,,
slow selection,107,0.0,False,3,True,True,False,False,False,False,False,0.62495,0.013365,0.0023935,0.30002,10,0.36551,0,,,
planted 0.5,107,0.013413153777783005,True,0,True,True,True,True,True,True,True,0.67696,0.023304,0.010869,0.43311,1,0.96576,0,0.59884,0.40226,0.24077
planted 0.8,107,0.018388610058729223,True,0,True,True,True,True,True,True,True,0.80272,0.047901,0.011266,0.8741,1,0.99981,0,0.97619,0.93117,0.84844
late slow timing,107,0.0,False,3,True,True,False,True,False,False,True,1.0587,0.12248,0.0027099,0.56229,1,0.94154,0,,,
rotation,107,0.0,False,2,True,False,False,False,False,False,True,0.64756,-0.007536,0.0026006,-0.28109,2,0.07051,0,,,
binary rotation,107,0.0,False,2,True,False,False,False,False,False,True,0.68334,0.00044504,0.0028563,0.011178,2,0.31664,0,,,
top sector,107,0.0,False,2,True,False,False,False,False,False,True,0.10696,-0.092889,0.0041252,-0.78787,1,0.0030821,0,,,
near benchmark,107,0.0,False,2,True,False,False,False,False,True,False,0.69427,-0.0011967,0.0010843,-0.093753,2,0.18254,0,,,
timing,108,0.0,False,2,True,False,False,False,False,False,True,0.38027,-0.026367,0.011117,-0.48333,1,0.014194,0,,,
slow timing,108,0.0,False,3,True,True,False,False,False,False,True,0.60596,0.010495,0.0025292,0.21219,1,0.78708,0,,,
selection,108,0.0,False,2,True,False,True,False,False,False,True,0.54873,0.0037938,0.01123,0.068076,10,0.085422,0,,,
slow selection,108,0.0,False,3,True,True,False,False,False,False,False,0.62093,0.011974,0.0023792,0.28782,10,0.34397,0,,,
planted 0.5,108,0.013413153777783005,True,0,True,True,True,True,True,True,True,0.79011,0.043367,0.011013,0.80433,1,0.99944,0,0.95534,0.8858,0.77373
planted 0.8,108,0.018388610058729223,True,0,True,True,True,True,True,True,True,0.86824,0.057371,0.01103,1.0042,1,1,0,0.99935,0.99665,0.9878
late slow timing,108,0.0,False,2,True,False,False,False,False,False,True,0.7615,-0.022878,0.0034926,-0.15426,2,0.16755,0,,,
rotation,108,0.0,False,2,True,False,False,False,False,False,True,0.70178,0.0019366,0.0021496,0.078756,2,0.40362,0,,,
binary rotation,108,0.0,False,2,True,False,False,False,False,False,True,0.50935,-0.031406,0.0033049,-0.78881,2,0.00013318,0,,,
top sector,108,0.0,False,6,True,True,True,True,True,False,True,0.81129,0.047263,0.0035785,0.41047,1,0.90682,0,,,
near benchmark,108,0.0,False,2,True,False,False,False,False,True,True,0.6933,-0.0013925,0.0011218,-0.11781,2,0.16124,0,,,
timing,109,0.0,False,2,True,False,False,False,False,False,True,0.38914,-0.02403,0.011209,-0.41203,1,0.034185,0,,,
slow timing,109,0.0,False,3,True,True,False,False,False,False,True,0.57186,0.0041071,0.0024159,0.08096,1,0.63583,0,,,
selection,109,0.0,False,2,True,False,False,False,False,False,False,0.49767,-0.0043913,0.011322,-0.074273,10,0.0305,0,,,
slow selection,109,0.0,False,3,True,True,False,False,False,True,False,0.59962,0.0082806,0.0024401,0.19309,10,0.21331,0,,,
planted 0.5,109,0.013413153777783005,True,0,True,True,True,True,True,True,True,0.72968,0.030932,0.011159,0.61183,1,0.9964,0,0.8197,0.66263,0.48657
planted 0.8,109,0.018388610058729223,True,0,True,True,True,True,True,True,True,0.81193,0.04642,0.010756,0.88075,1,0.99995,0,0.98476,0.95217,0.88691
late slow timing,109,0.0,False,2,True,False,False,False,False,False,True,0.94855,0.076267,0.004365,0.33103,1,0.84483,0,,,
rotation,109,0.0,False,3,True,True,False,False,False,False,True,0.74281,0.0092557,0.0021478,0.3688,2,0.86746,0,,,
binary rotation,109,0.0,False,3,True,True,False,False,False,False,True,0.70687,0.0051163,0.0036649,0.12257,2,0.45788,0,,,
top sector,109,0.0,False,2,True,False,False,False,False,False,True,0.52081,-0.013558,0.0043188,-0.10383,1,0.37601,0,,,
near benchmark,109,0.0,False,2,True,False,False,False,False,True,True,0.69781,-0.00053264,0.001123,-0.038241,2,0.26132,0,,,
timing,110,0.0,False,2,True,False,False,False,False,False,True,0.4198,-0.020906,0.010932,-0.39305,1,0.041316,0,,,
slow timing,110,0.0,False,2,True,False,False,False,False,False,True,0.4747,-0.012041,0.0026136,-0.22388,1,0.16912,0,,,
selection,110,0.0,False,2,True,False,False,False,False,False,True,0.51693,-0.0022489,0.010923,-0.041602,10,0.039014,0,,,
slow selection,110,0.0,False,3,True,True,False,False,False,False,True,0.58619,0.0071499,0.0027242,0.13808,10,0.16633,0,,,
planted 0.5,110,0.013413153777783005,False,7,True,True,True,True,True,True,False,0.81265,0.049009,0.011225,0.95704,1,0.99996,0,0.98326,0.9483,0.87949
planted 0.8,110,0.018388610058729223,True,0,True,True,True,True,True,True,True,0.71347,0.032619,0.011217,0.5978,1,0.99737,0,0.85665,0.71543,0.54563
late slow timing,110,0.0,False,2,True,False,False,False,False,False,True,0.53339,-0.054697,0.0047674,-0.27685,2,0.068402,1,,,
rotation,110,0.0,False,2,True,False,False,False,False,False,True,0.68501,-0.0011059,0.0023807,-0.046024,2,0.24489,0,,,
binary rotation,110,0.0,False,2,True,False,False,False,False,False,True,0.59353,-0.0158,0.0034072,-0.37548,2,0.032366,0,,,
top sector,110,0.0,False,3,True,True,False,False,False,False,True,0.76282,0.028848,0.0043219,0.30765,1,0.81632,0,,,
near benchmark,110,0.0,False,3,True,True,False,False,False,True,True,0.70888,0.0011905,0.0011571,0.098952,2,0.43815,0,,,
timing,111,0.0,False,2,True,False,True,False,False,False,False,0.52624,9.3326e-05,0.011157,0.0016487,1,0.50292,0,,,
slow timing,111,0.0,False,3,True,True,False,False,False,False,True,0.62106,0.01325,0.0027585,0.27179,1,0.88361,0,,,
selection,111,0.0,False,2,True,False,True,False,False,False,False,0.53458,0.0015984,0.011181,0.028673,10,0.073856,0,,,
slow selection,111,0.0,False,2,True,False,False,False,False,True,True,0.56916,0.0039918,0.002231,0.080744,10,0.072631,0,,,
planted 0.5,111,0.013413153777783005,False,6,True,True,True,True,True,False,False,0.66308,0.025442,0.010977,0.44073,1,0.9773,0,0.66091,0.46517,0.29187
planted 0.8,111,0.018388610058729223,True,0,True,True,True,True,True,True,True,0.85198,0.057282,0.011125,0.95343,1,1,0,0.99817,0.99182,0.97361
late slow timing,111,0.0,False,3,True,True,False,False,False,False,False,0.98538,0.084054,0.0027885,0.40931,1,0.89118,0,,,
rotation,111,0.0,False,2,True,False,False,False,False,False,True,0.6703,-0.0031962,0.0026217,-0.10735,2,0.18275,0,,,
binary rotation,111,0.0,False,2,True,False,False,False,False,False,True,0.67565,-0.00039239,0.0038024,-0.0091231,2,0.291,0,,,
top sector,111,0.0,False,2,True,False,True,False,False,False,True,0.68801,0.029056,0.0046944,0.21633,2,0.57575,0,,,
near benchmark,111,0.0,False,2,True,False,False,False,False,True,True,0.6652,-0.0061022,0.0011185,-0.51785,1,0.041622,0,,,
timing,112,0.0,False,2,True,False,False,False,False,False,True,0.4674,-0.011049,0.011095,-0.20523,1,0.16783,0,,,
slow timing,112,0.0,False,6,True,True,True,True,True,False,True,0.67949,0.022769,0.0023089,0.52296,1,0.98228,0,,,
selection,112,0.0,False,2,True,False,False,False,False,False,True,0.54421,0.003727,0.011315,0.06258,10,0.084037,0,,,
slow selection,112,0.0,False,3,True,True,False,False,False,False,False,0.65641,0.021121,0.0025308,0.41593,10,0.34753,0,,,
planted 0.5,112,0.013413153777783005,False,7,True,True,True,True,True,True,False,0.76742,0.040546,0.011201,0.73619,1,0.99923,0,0.94375,0.86134,0.7348
planted 0.8,112,0.018388610058729223,True,0,True,True,True,True,True,True,True,0.76052,0.042713,0.011575,0.77859,1,0.99943,0,0.94326,0.86122,0.73575
late slow timing,112,0.0,False,2,True,False,False,False,False,False,True,0.93287,0.09039,0.0036197,0.30309,1,0.8459,0,,,
rotation,112,0.0,False,2,True,False,False,False,False,False,True,0.69729,0.0012837,0.0025984,0.049066,2,0.36999,0,,,
binary rotation,112,0.0,False,3,True,True,False,False,False,False,True,0.70347,0.0043292,0.0028708,0.1066,2,0.44695,0,,,
top sector,112,0.0,False,2,True,False,False,False,False,False,True,0.34786,-0.052449,0.003209,-0.54372,1,0.037796,0,,,
near benchmark,112,0.0,False,2,True,False,False,False,False,True,True,0.69853,-0.00050058,0.0010675,-0.040379,2,0.25492,0,,,
timing,113,0.0,False,2,True,False,False,False,False,False,True,0.46449,-0.0097895,0.011328,-0.16965,1,0.20096,0,,,
slow timing,113,0.0,False,2,True,False,False,False,False,False,True,0.3848,-0.03061,0.0022094,-0.67624,1,0.0044893,0,,,
selection,113,0.0,False,2,True,False,True,False,False,True,True,0.55417,0.0048719,0.011255,0.08569,10,0.11512,0,,,
slow selection,113,0.0,False,3,True,True,False,False,False,False,True,0.67895,0.022837,0.002643,0.50007,11,0.56589,0,,,
planted 0.5,113,0.013413153777783005,True,0,True,True,True,True,True,True,True,0.65675,0.025841,0.011309,0.38078,1,0.95404,0,0.52928,0.33539,0.18887
planted 0.8,113,0.018388610058729223,True,0,True,True,True,True,True,True,True,0.76947,0.042144,0.010867,0.72172,1,0.99918,0,0.94308,0.86099,0.73557
late slow timing,113,0.0,False,2,True,False,False,False,False,True,True,0.79359,0.01943,0.003164,0.13287,1,0.65463,0,,,
rotation,113,0.0,False,2,True,False,False,False,False,False,True,0.69738,0.0014931,0.0026353,0.053494,2,0.38047,0,,,
binary rotation,113,0.0,False,2,True,False,False,False,False,False,True,0.63191,-0.0076258,0.0040803,-0.16527,2,0.14851,0,,,
top sector,113,0.0,False,2,True,False,False,False,False,False,True,0.20663,-0.079117,0.0036713,-0.66673,2,0.0032335,0,,,
near benchmark,113,0.0,False,2,True,False,False,False,False,True,True,0.67813,-0.0038642,0.0010594,-0.30111,2,0.062843,0,,,
timing,114,0.0,False,2,True,False,False,False,False,False,True,0.37021,-0.02804,0.011256,-0.51769,1,0.010472,0,,,
slow timing,114,0.0,False,7,True,True,True,True,True,True,False,0.65989,0.019572,0.0026357,0.43103,1,0.97074,0,,,
selection,114,0.0,False,2,True,False,True,False,False,True,True,0.55943,0.0058361,0.011013,0.10556,10,0.059143,0,,,
slow selection,114,0.0,False,3,True,True,False,False,False,False,True,0.60494,0.0093114,0.0023127,0.21733,10,0.1825,0,,,
planted 0.5,114,0.013413153777783005,False,4,True,True,True,False,True,True,True,0.61508,0.013811,0.01083,0.27349,1,0.87956,0,0.34356,0.18357,0.087021
planted 0.8,114,0.018388610058729223,True,0,True,True,True,True,True,True,True,0.84788,0.056646,0.011528,1.0396,1,1,0,0.9973,0.98877,0.966
late slow timing,114,0.0,False,2,True,False,False,False,False,False,True,0.030273,-0.11781,0.0024724,-0.60185,1,0.0090339,0,,,
rotation,114,0.0,False,2,True,False,False,False,False,False,True,0.67462,-0.0028494,0.0023766,-0.11369,2,0.19296,0,,,
binary rotation,114,0.0,False,2,True,False,False,False,False,False,True,0.56511,-0.020989,0.0041306,-0.5131,2,0.011031,0,,,
top sector,114,0.0,False,2,True,False,False,False,False,False,True,0.3349,-0.062943,0.0032073,-0.5929,1,0.017548,0,,,
near benchmark,114,0.0,False,2,True,False,False,False,False,True,True,0.67612,-0.0042834,0.0010303,-0.3584,2,0.032232,0,,,
timing,115,0.0,False,2,True,False,False,False,False,False,True,0.40404,-0.022823,0.011071,-0.40441,1,0.029203,0,,,
slow timing,115,0.0,False,2,True,False,False,False,False,True,True,0.52954,-0.0031032,0.0024428,-0.064772,2,0.20275,0,,,
selection,115,0.0,False,2,True,False,False,False,False,False,False,0.51202,-0.0019687,0.011472,-0.03252,10,0.041487,0,,,
slow selection,115,0.0,False,3,True,True,False,False,False,False,True,0.60973,0.010542,0.002458,0.23657,10,0.12167,0,,,
planted 0.5,115,0.013413153777783005,True,0,True,True,True,True,True,True,True,0.63752,0.019089,0.011034,0.33541,1,0.92998,0,0.463,0.27768,0.14796
planted 0.8,115,0.018388610058729223,True,0,True,True,True,True,True,True,True,0.71852,0.034226,0.010943,0.58685,1,0.99399,0,0.80421,0.64037,0.4616
late slow timing,115,0.0,False,5,True,True,True,True,False,False,False,1.2953,0.1464,0.0028812,0.82946,2,0.98936,0,,,
rotation,115,0.0,False,2,True,False,False,False,False,False,False,0.69334,0.0006648,0.0026601,0.024661,2,0.33375,0,,,
binary rotation,115,0.0,False,2,True,False,False,False,False,False,True,0.68291,0.00039461,0.00269,0.0098917,2,0.31465,0,,,
top sector,115,0.0,False,2,True,False,False,False,False,False,True,0.47831,-0.0226,0.0035865,-0.16638,1,0.29658,0,,,
near benchmark,115,0.0,False,2,True,False,False,False,False,True,True,0.69502,-0.0011192,0.0011776,-0.096517,2,0.20238,0,,,
timing,116,0.0,False,2,True,False,False,False,False,False,True,0.48689,-0.0075484,0.011595,-0.1373,1,0.27918,0,,,
slow timing,116,0.0,False,2,True,False,False,False,False,True,True,0.53093,-0.0034847,0.0023453,-0.074845,1,0.37569,0,,,
selection,116,0.0,False,4,True,True,True,False,False,True,True,0.62571,0.017349,0.011148,0.30541,10,0.17524,0,,,
slow selection,116,0.0,False,3,True,True,False,False,False,False,True,0.65969,0.01981,0.0023447,0.39723,10,0.4043,0,,,
planted 0.5,116,0.013413153777783005,True,0,True,True,True,True,True,True,True,0.76635,0.041623,0.01125,0.71427,1,0.99907,0,0.93893,0.85313,0.72423
planted 0.8,116,0.018388610058729223,True,0,True,True,True,True,True,True,True,0.75648,0.038523,0.01093,0.73816,1,0.99931,0,0.93794,0.8507,0.71996
late slow timing,116,0.0,False,3,True,True,False,True,False,False,True,1.0642,0.096575,0.0031825,0.48239,1,0.94154,1,,,
rotation,116,0.0,False,2,True,False,False,False,False,False,True,0.65086,-0.0069189,0.0024781,-0.24567,2,0.085922,0,,,
binary rotation,116,0.0,False,3,True,True,False,False,False,False,True,0.76979,0.016401,0.0030437,0.39398,2,0.7651,0,,,
top sector,116,0.0,False,3,True,True,False,False,False,False,True,0.71755,0.040407,0.0039474,0.27084,2,0.60498,0,,,
near benchmark,116,0.0,False,5,True,True,True,True,False,True,True,0.74924,0.0079186,0.0011541,0.62628,2,0.97178,0,,,
timing,117,0.0,False,2,True,False,False,False,False,False,False,0.43607,-0.016104,0.011323,-0.29078,1,0.079893,0,,,
slow timing,117,0.0,False,2,True,False,False,False,False,False,True,0.44759,-0.018954,0.0024403,-0.40838,1,0.032723,0,,,
selection,117,0.0,False,2,True,False,False,False,False,False,True,0.51659,-0.0017702,0.011524,-0.030142,10,0.043918,0,,,
slow selection,117,0.0,False,3,True,True,False,False,False,True,True,0.592,0.0080687,0.0026273,0.15988,10,0.13471,0,,,
planted 0.5,117,0.013413153777783005,False,7,True,True,True,True,True,True,False,0.76537,0.040621,0.011229,0.80433,1,0.99989,0,0.97863,0.93666,0.85771
planted 0.8,117,0.018388610058729223,True,0,True,True,True,True,True,True,True,0.7131,0.035709,0.011232,0.60947,1,0.99681,0,0.8319,0.67902,0.50384
late slow timing,117,0.0,False,2,True,False,False,False,False,False,True,0.96373,0.082977,0.0039728,0.37444,1,0.85239,0,,,
rotation,117,0.0,False,2,True,False,False,False,False,False,True,0.66975,-0.0035402,0.0025355,-0.12989,2,0.16495,0,,,
binary rotation,117,0.0,False,2,True,False,False,False,False,False,True,0.57869,-0.017263,0.0039539,-0.37975,2,0.028366,0,,,
top sector,117,0.0,False,2,True,False,False,False,False,False,True,0.50704,-0.01884,0.0036705,-0.19692,2,0.12082,0,,,
near benchmark,117,0.0,False,2,True,False,False,False,False,True,True,0.68947,-0.0019507,0.0011464,-0.14555,2,0.13647,0,,,
timing,118,0.0,False,2,True,False,False,False,False,False,True,0.477,-0.0091583,0.011115,-0.1683,1,0.23617,0,,,
slow timing,118,0.0,False,3,True,True,False,True,False,False,True,0.64114,0.016854,0.0023144,0.33704,1,0.92995,0,,,
selection,118,0.0,False,2,True,False,True,False,False,True,True,0.57909,0.008817,0.011271,0.16311,10,0.19309,0,,,
slow selection,118,0.0,False,3,True,True,False,False,False,False,False,0.66853,0.020247,0.0021193,0.51551,10,0.64484,0,,,
planted 0.5,118,0.013413153777783005,True,0,True,True,True,True,True,True,True,0.73446,0.03374,0.011232,0.59804,1,0.99497,0,0.84578,0.70051,0.52957
planted 0.8,118,0.018388610058729223,True,0,True,True,True,True,True,True,True,0.77589,0.044686,0.01096,0.80201,1,0.99986,0,0.98154,0.94452,0.87331
late slow timing,118,0.0,False,6,True,True,True,True,True,False,False,1.1272,0.14364,0.0036726,0.57993,1,0.96166,0,,,
rotation,118,0.0,False,2,True,False,False,False,False,False,True,0.67018,-0.0035613,0.002464,-0.13745,2,0.17346,0,,,
binary rotation,118,0.0,False,3,True,True,False,False,False,False,True,0.72763,0.009188,0.0039614,0.2103,2,0.57731,0,,,
top sector,118,0.0,False,2,True,False,False,False,False,False,True,0.43387,-0.034188,0.0040371,-0.32893,1,0.10863,0,,,
near benchmark,118,0.0,False,4,True,True,True,False,False,True,True,0.73293,0.0052269,0.0011489,0.39781,2,0.85665,0,,,
timing,119,0.0,False,2,True,False,False,False,False,False,True,0.44645,-0.01439,0.011909,-0.26869,1,0.087596,0,,,
slow timing,119,0.0,False,3,True,True,False,False,False,True,True,0.61183,0.010921,0.0025048,0.23521,1,0.84819,0,,,
selection,119,0.0,False,2,True,False,True,False,False,True,True,0.57092,0.0080483,0.011177,0.14033,10,0.16632,0,,,
slow selection,119,0.0,False,4,True,True,True,False,False,False,True,0.69533,0.025328,0.0023896,0.58141,10,0.69691,0,,,
planted 0.5,119,0.013413153777783005,True,0,True,True,True,True,True,True,True,0.72779,0.0349,0.011521,0.62893,1,0.99695,0,0.88195,0.75533,0.59447
planted 0.8,119,0.018388610058729223,False,7,True,True,True,True,True,True,False,0.79847,0.05246,0.011776,0.9202,1,0.99998,0,0.99307,0.97501,0.93333
late slow timing,119,0.0,False,2,True,False,False,False,False,False,True,0.73617,-0.0050085,0.0043578,-0.024371,1,0.47015,0,,,
rotation,119,0.0,False,3,True,True,False,False,False,False,True,0.70942,0.003269,0.0027867,0.13405,2,0.47785,0,,,
binary rotation,119,0.0,False,2,True,False,False,False,False,False,True,0.61756,-0.010737,0.0037591,-0.24733,2,0.085515,0,,,
top sector,119,0.0,False,3,True,True,False,False,False,False,True,0.72536,0.0351,0.0030312,0.29177,1,0.86263,2,,,
near benchmark,119,0.0,False,3,True,True,False,False,False,True,True,0.71973,0.0030011,0.0011134,0.24061,2,0.62013,0,,,
timing,120,0.0,False,4,True,True,True,False,False,True,False,0.61646,0.015918,0.011102,0.2799,1,0.88018,0,,,
slow timing,120,0.0,False,2,True,False,False,False,False,True,True,0.52708,-0.0041385,0.0025119,-0.088684,1,0.35836,0,,,
selection,120,0.0,False,2,True,False,False,False,False,False,False,0.50891,-0.0012711,0.012166,-0.020045,10,0.041535,0,,,
slow selection,120,0.0,False,4,True,True,True,False,False,False,True,0.70497,0.028238,0.0025833,0.59615,10,0.67024,0,,,
planted 0.5,120,0.013413153777783005,True,0,True,True,True,True,True,True,True,0.7115,0.033174,0.011419,0.59098,1,0.99122,0,0.75422,0.57476,0.39389
planted 0.8,120,0.018388610058729223,True,0,True,True,True,True,True,True,True,0.65992,0.021161,0.011026,0.40337,1,0.94462,0,0.511,0.31959,0.17777
late slow timing,120,0.0,False,2,True,False,False,False,False,False,True,0.75966,0.033244,0.0039763,0.16247,1,0.68173,0,,,
rotation,120,0.0,False,2,True,False,False,False,False,False,True,0.66375,-0.0043462,0.0027685,-0.14585,2,0.16934,0,,,
binary rotation,120,0.0,False,2,True,False,False,False,False,False,True,0.56015,-0.021764,0.0038475,-0.49795,2,0.010396,0,,,
top sector,120,0.0,False,2,True,False,False,False,False,False,True,0.18358,-0.079757,0.0040514,-0.72308,2,0.0013026,0,,,
near benchmark,120,0.0,False,2,True,False,False,False,False,True,True,0.69074,-0.0017865,0.0010723,-0.14561,1,0.30531,0,,,
timing,121,0.0,False,2,True,False,False,False,False,False,True,0.3555,-0.029688,0.011055,-0.54284,1,0.0070235,0,,,
slow timing,121,0.0,False,2,True,False,False,False,False,False,False,0.56891,0.0027161,0.0024442,0.061785,1,0.60772,0,,,
selection,121,0.0,False,2,True,False,False,False,False,False,True,0.46082,-0.011527,0.011165,-0.19001,10,0.0075482,0,,,
slow selection,121,0.0,False,3,True,True,False,False,False,True,False,0.67698,0.023007,0.0025522,0.47867,10,0.30237,0,,,
planted 0.5,121,0.013413153777783005,True,0,True,True,True,True,True,True,True,0.74708,0.038768,0.011129,0.69902,1,0.99961,0,0.96272,0.90052,0.79602
planted 0.8,121,0.018388610058729223,False,7,True,True,True,True,True,True,False,0.86289,0.059075,0.010938,1.0206,1,0.99999,0,0.9912,0.96955,0.92164
late slow timing,121,0.0,False,3,True,True,False,True,False,False,True,1.0489,0.079827,0.0047612,0.40006,1,0.91519,0,,,
rotation,121,0.0,False,2,True,False,False,False,False,False,True,0.63276,-0.010304,0.0020435,-0.3951,2,0.027136,0,,,
binary rotation,121,0.0,False,2,True,False,False,False,False,False,True,0.66504,-0.0024977,0.0032237,-0.059454,2,0.22852,0,,,
top sector,121,0.0,False,6,True,True,True,True,True,False,True,0.95103,0.073866,0.0026764,0.64469,1,0.98395,0,,,
near benchmark,121,0.0,False,3,True,True,False,False,False,True,True,0.71081,0.0015664,0.0011198,0.12105,2,0.46205,0,,,
timing,122,0.0,False,2,True,False,False,False,False,False,True,0.34436,-0.030268,0.011436,-0.47257,1,0.016763,0,,,
slow timing,122,0.0,False,2,True,False,False,False,False,True,True,0.54998,-0.00021819,0.0023907,-0.0046592,1,0.49208,0,,,
selection,122,0.0,False,2,True,False,False,False,False,False,True,0.53486,0.0011503,0.011421,0.021514,10,0.065268,0,,,
slow selection,122,0.0,False,3,True,True,False,False,False,False,True,0.65517,0.019566,0.0024449,0.39848,10,0.38712,0,,,
planted 0.5,122,0.013413153777783005,True,0,True,True,True,True,True,True,True,0.64174,0.020614,0.011438,0.36316,1,0.93115,0,0.43628,0.25473,0.13193
planted 0.8,122,0.018388610058729223,True,0,True,True,True,True,True,True,True,0.71964,0.031957,0.010901,0.60713,1,0.9953,0,0.83845,0.6884,0.51435
late slow timing,122,0.0,False,2,True,False,False,False,False,False,True,0.6941,0.013527,0.0030061,0.053619,1,0.56052,1,,,
rotation,122,0.0,False,2,True,False,False,False,False,False,True,0.64239,-0.0087563,0.0021964,-0.3749,2,0.020705,0,,,
binary rotation,122,0.0,False,2,True,False,False,False,False,False,True,0.67219,-0.0010426,0.0039314,-0.024412,2,0.27363,0,,,
top sector,122,0.0,False,2,True,False,False,False,False,False,True,0.34226,-0.05322,0.0033976,-0.4082,1,0.11441,0,,,
near benchmark,122,0.0,False,2,True,False,False,False,False,True,True,0.69912,-0.00043681,0.0011085,-0.037052,2,0.25411,0,,,
timing,123,0.0,False,2,True,False,False,False,False,False,True,0.42313,-0.019424,0.011597,-0.34617,1,0.062561,0,,,
slow timing,123,0.0,False,3,True,True,False,False,False,True,True,0.61224,0.010322,0.0021721,0.23973,1,0.83804,0,,,
selection,123,0.0,False,2,True,False,True,False,False,True,False,0.56087,0.0055292,0.010925,0.10506,10,0.14557,0,,,
slow selection,123,0.0,False,3,True,True,False,False,False,False,True,0.65807,0.020342,0.002426,0.41702,10,0.53137,0,,,
planted 0.5,123,0.013413153777783005,True,0,True,True,True,True,True,True,True,0.7181,0.03327,0.011326,0.61259,1,0.9981,0,0.90748,0.79623,0.64525
planted 0.8,123,0.018388610058729223,True,0,True,True,True,True,True,True,True,0.81494,0.048929,0.011171,0.92008,1,0.99997,0,0.993,0.97474,0.93264
late slow timing,123,0.0,False,2,True,False,False,False,False,False,True,0.64639,-0.054222,0.0052557,-0.27849,1,0.20234,0,,,
rotation,123,0.0,False,2,True,False,False,False,False,False,True,0.64742,-0.007869,0.0022247,-0.32631,2,0.053749,0,,,
binary rotation,123,0.0,False,2,True,False,False,False,False,False,True,0.66829,-0.0015077,0.0034523,-0.034021,2,0.26274,0,,,
top sector,123,0.0,False,2,True,False,False,False,False,False,True,0.44604,-0.025878,0.0035851,-0.15939,1,0.3218,0,,,
near benchmark,123,0.0,False,4,True,True,True,False,False,True,True,0.71793,0.0027213,0.0011975,0.21707,2,0.5524,0,,,
timing,124,0.0,False,2,True,False,False,False,False,False,True,0.44349,-0.014624,0.011764,-0.25966,1,0.1485,0,,,
slow timing,124,0.0,False,3,True,True,False,False,False,False,True,0.58848,0.0073669,0.0028601,0.14634,1,0.73198,0,,,
selection,124,0.0,False,2,True,False,False,False,False,False,False,0.55236,0.0045375,0.011108,0.080791,10,0.09362,0,,,
slow selection,124,0.0,False,3,True,True,False,False,False,True,True,0.65666,0.019167,0.0024244,0.43855,10,0.42488,0,,,
planted 0.5,124,0.013413153777783005,True,0,True,True,True,True,True,True,True,0.68735,0.02641,0.011321,0.4699,1,0.97403,0,0.6209,0.42499,0.25956
planted 0.8,124,0.018388610058729223,True,0,True,True,True,True,True,True,True,0.89586,0.063921,0.011113,1.1753,1,1,0,0.99986,0.99913,0.99629
late slow timing,124,0.0,False,2,True,False,False,False,False,False,True,0.49642,-0.062661,0.0028574,-0.2965,1,0.19665,0,,,
rotation,124,0.0,False,2,True,False,False,False,False,False,True,0.66043,-0.0052907,0.0025312,-0.20149,2,0.11556,0,,,
binary rotation,124,0.0,False,2,True,False,False,False,False,False,True,0.6626,-0.0026577,0.0036356,-0.061952,2,0.23362,0,,,
top sector,124,0.0,False,2,True,False,False,False,False,False,True,0.46455,-0.020155,0.003865,-0.15795,1,0.30603,0,,,
near benchmark,124,0.0,False,2,True,False,False,False,False,True,True,0.70172,-4.5769e-05,0.0011513,-0.0041304,2,0.29702,0,,,
timing,125,0.0,False,2,True,False,False,False,False,False,True,0.41146,-0.019752,0.011439,-0.34129,1,0.067519,0,,,
slow timing,125,0.0,False,2,True,False,False,False,False,False,True,0.45805,-0.017263,0.0023876,-0.37421,2,0.024066,0,,,
selection,125,0.0,False,4,True,True,True,False,False,True,False,0.59159,0.011522,0.011628,0.20308,10,0.25084,0,,,
slow selection,125,0.0,False,3,True,True,False,False,False,False,True,0.61875,0.012309,0.0023818,0.27304,10,0.1667,0,,,
planted 0.5,125,0.013413153777783005,True,0,True,True,True,True,True,True,True,0.64209,0.021221,0.011732,0.35481,1,0.94596,0,0.44583,0.26313,0.1379
planted 0.8,125,0.018388610058729223,True,0,True,True,True,True,True,True,True,0.81242,0.050046,0.011508,0.92585,1,0.99993,0,0.98665,0.95738,0.89753
late slow timing,125,0.0,False,2,True,False,False,False,False,False,True,0.95058,0.018005,0.0029825,0.136,2,0.44781,0,,,
rotation,125,0.0,False,3,True,True,False,False,False,False,True,0.71469,0.0044326,0.0025337,0.16605,2,0.50444,0,,,
binary rotation,125,0.0,False,2,True,False,False,False,False,False,True,0.64473,-0.0059421,0.0033192,-0.13905,2,0.16035,0,,,
top sector,125,0.0,False,2,True,False,False,False,False,False,True,0.50291,-0.017063,0.0032128,-0.16349,1,0.2928,1,,,
near benchmark,125,0.0,False,2,True,False,False,False,False,True,True,0.70114,-4.6057e-05,0.0010912,-0.0035941,2,0.29712,0,,,
timing,126,0.0,False,2,True,False,False,False,False,False,True,0.4079,-0.021421,0.011224,-0.41148,1,0.041962,0,,,
slow timing,126,0.0,False,3,True,True,False,False,False,False,True,0.57526,0.0044167,0.0024043,0.09426,1,0.63418,0,,,
selection,126,0.0,False,2,True,False,True,False,False,False,False,0.52209,-0.00040114,0.011147,-0.0067679,10,0.054587,0,,,
slow selection,126,0.0,False,4,True,True,True,False,False,True,True,0.58391,0.0054956,0.002405,0.1276,10,0.14715,0,,,
planted 0.5,126,0.013413153777783005,True,0,True,True,True,True,True,True,True,0.74169,0.038927,0.011117,0.64108,1,0.99866,0,0.87557,0.74443,0.58017
planted 0.8,126,0.018388610058729223,True,0,True,True,True,True,True,True,True,0.79844,0.050066,0.011417,0.84942,1,0.99995,0,0.98635,0.95696,0.89735
late slow timing,126,0.0,False,2,True,False,False,False,False,False,True,0.86042,0.046486,0.0027399,0.17248,1,0.67566,1,,,
rotation,126,0.0,False,3,True,True,False,False,False,False,True,0.71581,0.0049048,0.0026031,0.1686,2,0.54972,0,,,
binary rotation,126,0.0,False,2,True,False,False,False,False,False,True,0.6555,-0.0040082,0.0034917,-0.092952,2,0.19853,0,,,
top sector,126,0.0,False,2,True,False,False,False,False,False,True,0.40379,-0.037657,0.0044112,-0.37235,2,0.038936,0,,,
near benchmark,126,0.0,False,4,True,True,True,False,False,True,False,0.73123,0.0049116,0.001099,0.39972,2,0.84187,0,,,
timing,127,0.0,False,2,True,False,False,False,False,False,True,0.42831,-0.01868,0.011288,-0.3574,1,0.046403,0,,,
slow timing,127,0.0,True,0,True,True,True,True,True,True,True,0.66147,0.019811,0.002155,0.41512,1,0.97613,0,,,
selection,127,0.0,False,2,True,False,True,False,False,False,False,0.55314,0.0048989,0.011091,0.085148,10,0.098656,0,,,
slow selection,127,0.0,False,3,True,True,False,False,False,True,False,0.61053,0.010326,0.0025266,0.23952,10,0.3161,0,,,
planted 0.5,127,0.013413153777783005,True,0,True,True,True,True,True,True,True,0.74495,0.036411,0.011364,0.62329,1,0.99778,0,0.90815,0.80211,0.65872
planted 0.8,127,0.018388610058729223,False,7,True,True,True,True,True,True,False,0.88212,0.063506,0.011272,1.0995,1,1,0,0.99969,0.99834,0.99355
late slow timing,127,0.0,False,2,True,False,False,False,False,False,True,0.56808,-0.0021391,0.0049328,-0.0094056,2,0.29278,0,,,
rotation,127,0.0,False,2,True,False,False,False,False,False,True,0.65649,-0.0058033,0.0027055,-0.20935,2,0.10118,0,,,
binary rotation,127,0.0,False,2,True,False,False,False,False,False,False,0.64725,-0.0055558,0.0040384,-0.13189,2,0.16949,0,,,
top sector,127,0.0,False,2,True,False,False,False,False,False,True,0.35587,-0.044417,0.0034873,-0.37119,1,0.10253,0,,,
near benchmark,127,0.0,False,2,True,False,False,False,False,True,True,0.66151,-0.0066472,0.0011512,-0.50591,2,0.014112,0,,,
timing,128,0.0,False,2,True,False,False,False,False,False,True,0.41197,-0.021038,0.011464,-0.3917,1,0.043851,0,,,
slow timing,128,0.0,False,3,True,True,False,False,False,True,True,0.60418,0.0090789,0.0022506,0.21395,1,0.81868,0,,,
selection,128,0.0,False,4,True,True,True,False,False,True,True,0.69862,0.029659,0.011527,0.5444,10,0.66241,0,,,
slow selection,128,0.0,False,3,True,True,False,False,False,True,False,0.67977,0.024174,0.0024014,0.49056,10,0.38414,0,,,
planted 0.5,128,0.013413153777783005,False,4,True,True,True,False,False,True,True,0.59922,0.012229,0.010978,0.21949,1,0.83229,0,0.27098,0.1339,0.058799
planted 0.8,128,0.018388610058729223,True,0,True,True,True,True,True,True,True,0.74373,0.037251,0.010969,0.65108,1,0.99821,0,0.91167,0.80409,0.65643
late slow timing,128,0.0,False,2,True,False,False,False,False,False,True,0.4334,-0.064557,0.0026151,-0.33527,1,0.15002,0,,,
rotation,128,0.0,False,2,True,False,False,False,False,False,True,0.66823,-0.0039205,0.0026187,-0.15132,2,0.12409,0,,,
binary rotation,128,0.0,False,2,True,False,False,False,False,False,True,0.66367,-0.0022285,0.0036778,-0.05005,2,0.24837,0,,,
top sector,128,0.0,False,2,True,False,False,False,False,False,True,0.54195,-0.0025905,0.004124,-0.021818,1,0.47237,0,,,
near benchmark,128,0.0,False,2,True,False,False,False,False,True,True,0.68201,-0.003274,0.0011035,-0.2734,2,0.067858,0,,,
timing,129,0.0,False,2,True,False,False,False,False,False,True,0.40992,-0.021446,0.01133,-0.3984,1,0.041368,0,,,
slow timing,129,0.0,False,2,True,False,False,False,False,False,True,0.52417,-0.0050955,0.0023273,-0.11543,1,0.32075,0,,,
selection,129,0.0,False,2,True,False,True,False,False,True,False,0.54382,0.0035529,0.010983,0.061079,10,0.096262,0,,,
slow selection,129,0.0,False,3,True,True,False,False,False,True,True,0.62485,0.012796,0.0024672,0.3009,11,0.29619,0,,,
planted 0.5,129,0.013413153777783005,False,2,True,False,True,False,False,True,True,0.57747,0.0090508,0.011045,0.15219,1,0.75536,0,0.18839,0.08335,0.032861
planted 0.8,129,0.018388610058729223,True,0,True,True,True,True,True,True,True,0.71852,0.033368,0.011559,0.57984,1,0.99061,0,0.78453,0.61512,0.43607
late slow timing,129,0.0,False,2,True,False,False,False,False,False,True,0.15712,-0.16054,0.0031643,-0.6439,1,0.021099,0,,,
rotation,129,0.0,False,3,True,True,False,False,False,False,False,0.73595,0.0078943,0.0024786,0.33464,2,0.70639,0,,,
binary rotation,129,0.0,False,2,True,False,False,False,False,False,True,0.6057,-0.013472,0.0040854,-0.31761,2,0.054261,0,,,
top sector,129,0.0,False,2,True,False,False,False,False,False,False,0.45755,-0.026254,0.0054201,-0.1983,2,0.14363,0,,,
near benchmark,129,0.0,False,2,True,False,False,False,False,True,True,0.68147,-0.0032996,0.0010986,-0.2488,2,0.089898,0,,,
timing,130,0.0,False,2,True,False,False,False,False,False,True,0.41116,-0.020516,0.011801,-0.35922,1,0.050763,0,,,
slow timing,130,0.0,False,2,True,False,False,False,False,False,True,0.51257,-0.0063743,0.0023904,-0.10673,1,0.33659,0,,,
selection,130,0.0,False,2,True,False,True,False,False,True,True,0.54154,0.0029838,0.011106,0.052427,10,0.075993,0,,,
slow selection,130,0.0,False,2,True,False,False,False,False,False,True,0.56368,0.0031814,0.0026447,0.0602,11,0.091866,0,,,
planted 0.5,130,0.013413153777783005,True,0,True,True,True,True,True,True,True,0.7487,0.038093,0.011088,0.69836,1,0.99974,0,0.97094,0.91881,0.82664
planted 0.8,130,0.018388610058729223,True,0,True,True,True,True,True,True,True,0.84084,0.056061,0.011612,0.94537,1,0.99993,0,0.98058,0.93992,0.86105
late slow timing,130,0.0,False,2,True,False,False,False,False,False,True,0.56898,-0.041251,0.0028258,-0.21837,1,0.28032,0,,,
rotation,130,0.0,False,2,True,False,False,False,False,False,True,0.65647,-0.0058281,0.0027303,-0.21138,2,0.096051,0,,,
binary rotation,130,0.0,False,3,True,True,False,False,False,False,True,0.75768,0.014573,0.0040382,0.33211,2,0.74893,0,,,
top sector,130,0.0,False,2,True,False,False,False,False,False,True,0.50525,-0.012222,0.0035035,-0.10747,2,0.19028,0,,,
near benchmark,130,0.0,False,2,True,False,False,False,False,True,True,0.6851,-0.0027545,0.001117,-0.2242,2,0.088431,0,,,
timing,131,0.0,False,2,True,False,False,False,False,False,False,0.43444,-0.017018,0.011383,-0.33055,1,0.077689,0,,,
slow timing,131,0.0,False,2,True,False,False,False,False,False,True,0.56847,0.0025607,0.0024168,0.060147,2,0.39728,0,,,
selection,131,0.0,False,2,True,False,False,False,False,False,True,0.46415,-0.01134,0.011368,-0.20869,10,0.0065746,0,,,
slow selection,131,0.0,False,4,True,True,True,False,False,True,False,0.63936,0.015759,0.0024367,0.36308,10,0.41438,0,,,
planted 0.5,131,0.013413153777783005,True,0,True,True,True,True,True,True,True,0.65911,0.024759,0.011246,0.44452,1,0.97004,0,0.62487,0.42981,0.26411
planted 0.8,131,0.018388610058729223,True,0,True,True,True,True,True,True,True,0.8013,0.044679,0.011202,0.7987,1,0.99965,0,0.96118,0.89776,0.79235
late slow timing,131,0.0,False,2,True,False,False,False,False,False,True,0.87707,0.068528,0.0028563,0.30159,1,0.7871,0,,,
rotation,131,0.0,False,2,True,False,False,False,False,False,False,0.65261,-0.006659,0.002731,-0.25061,2,0.095892,0,,,
binary rotation,131,0.0,False,3,True,True,False,False,False,False,True,0.76057,0.014939,0.0043462,0.34865,2,0.76645,0,,,
top sector,131,0.0,False,2,True,False,False,False,False,False,True,0.27467,-0.063824,0.0035818,-0.48515,1,0.035807,0,,,
near benchmark,131,0.0,False,2,True,False,False,False,False,True,True,0.69326,-0.0013592,0.0010494,-0.10657,2,0.18876,0,,,
timing,132,0.0,False,2,True,False,False,False,False,False,True,0.42147,-0.018607,0.010737,-0.32056,1,0.064865,0,,,
slow timing,132,0.0,False,2,True,False,False,False,False,False,True,0.43017,-0.021645,0.0023195,-0.40422,1,0.033963,0,,,
selection,132,0.0,False,2,True,False,True,False,False,True,True,0.57877,0.0095951,0.011389,0.16447,10,0.20574,0,,,
slow selection,132,0.0,False,3,True,True,False,False,False,False,True,0.61205,0.010505,0.0025114,0.247,10,0.24907,0,,,
planted 0.5,132,0.013413153777783005,True,0,True,True,True,True,True,True,True,0.67883,0.028889,0.011215,0.44072,1,0.97946,0,0.68873,0.50044,0.32668
planted 0.8,132,0.018388610058729223,True,0,True,True,True,True,True,True,True,0.7411,0.038564,0.011244,0.63848,1,0.99945,0,0.92009,0.81889,0.67647
late slow timing,132,0.0,False,2,True,False,False,False,False,False,False,0.80909,0.028979,0.0027115,0.1588,1,0.70814,0,,,
rotation,132,0.0,False,3,True,True,False,False,False,False,True,0.70926,0.0035891,0.0025233,0.12944,2,0.5034,0,,,
binary rotation,132,0.0,False,3,True,True,False,False,False,False,True,0.73877,0.01086,0.0033153,0.25898,2,0.66383,0,,,
top sector,132,0.0,False,2,True,False,False,False,False,True,True,0.52376,-0.014043,0.0042332,-0.13515,1,0.30644,0,,,
near benchmark,132,0.0,False,2,True,False,False,False,False,True,True,0.67306,-0.0047192,0.001157,-0.36336,2,0.038568,0,,,
timing,133,0.0,False,2,True,False,False,False,False,False,True,0.44717,-0.014229,0.011304,-0.26697,1,0.11446,0,,,
slow timing,133,0.0,False,2,True,False,False,False,False,False,True,0.40181,-0.026689,0.0026136,-0.49338,2,0.0033537,0,,,
selection,133,0.0,False,2,True,False,True,False,False,False,True,0.55955,0.0053336,0.011337,0.10059,10,0.12397,0,,,
slow selection,133,0.0,False,4,True,True,True,False,False,True,False,0.76627,0.038568,0.0026048,0.81558,11,0.7663,0,,,
planted 0.5,133,0.013413153777783005,False,7,True,True,True,True,True,True,False,0.7521,0.039649,0.011101,0.72145,1,0.99938,0,0.94305,0.86218,0.73903
planted 0.8,133,0.018388610058729223,True,0,True,True,True,True,True,True,True,0.77902,0.046862,0.011062,0.85886,1,0.99959,0,0.93397,0.84347,0.70988
late slow timing,133,0.0,False,2,True,False,False,False,False,False,True,0.71997,-0.030184,0.0039901,-0.11436,1,0.37672,0,,,
rotation,133,0.0,False,2,True,False,False,False,False,False,True,0.68176,-0.0014375,0.0025416,-0.053977,2,0.23692,0,,,
binary rotation,133,0.0,False,2,True,False,False,False,False,False,True,0.64474,-0.0057187,0.003356,-0.12911,2,0.16254,0,,,
top sector,133,0.0,False,2,True,False,False,False,False,False,True,0.67839,0.013625,0.0036766,0.14284,2,0.4782,0,,,
near benchmark,133,0.0,False,2,True,False,False,False,False,True,True,0.68428,-0.0029083,0.0010256,-0.24539,2,0.092034,0,,,
timing,134,0.0,False,2,True,False,False,False,False,False,False,0.38964,-0.024386,0.011193,-0.43583,1,0.013777,0,,,
slow timing,134,0.0,False,2,True,False,False,False,False,True,True,0.46547,-0.015987,0.0027172,-0.29327,1,0.081235,0,,,
selection,134,0.0,False,2,True,False,True,False,False,True,True,0.55369,0.0038537,0.011343,0.074064,10,0.1063,0,,,
slow selection,134,0.0,False,4,True,True,True,False,False,False,True,0.71713,0.030974,0.0024728,0.5866,10,0.61637,0,,,
planted 0.5,134,0.013413153777783005,True,0,True,True,True,True,True,True,True,0.71322,0.034246,0.011474,0.57711,1,0.99626,0,0.86417,0.72759,0.5608
planted 0.8,134,0.018388610058729223,False,7,True,True,True,True,True,True,False,0.85219,0.059414,0.01105,0.96228,1,0.99999,0,0.99774,0.99107,0.97362
late slow timing,134,0.0,False,2,True,False,False,False,False,False,True,0.81961,0.0059799,0.0027341,0.030524,1,0.53764,0,,,
rotation,134,0.0,False,2,True,False,False,False,False,False,True,0.68453,-0.00090469,0.0027363,-0.033378,2,0.25556,0,,,
binary rotation,134,0.0,False,2,True,False,False,False,False,False,True,0.66974,-0.0015583,0.0036734,-0.03715,2,0.25402,0,,,
top sector,134,0.0,False,2,True,False,False,False,False,False,True,0.20235,-0.088778,0.0030241,-0.76159,1,0.0041327,0,,,
near benchmark,134,0.0,False,2,True,False,False,False,False,True,True,0.69619,-0.00086212,0.0012135,-0.065982,2,0.23249,0,,,
timing,135,0.0,False,2,True,False,False,False,False,False,True,0.43461,-0.014178,0.011107,-0.22538,1,0.15066,0,,,
slow timing,135,0.0,False,3,True,True,False,False,False,False,True,0.60626,0.010154,0.0026735,0.21579,2,0.61308,0,,,
selection,135,0.0,False,2,True,False,False,False,False,False,False,0.49023,-0.0062234,0.011626,-0.11156,10,0.018158,0,,,
slow selection,135,0.0,False,3,True,True,False,False,False,True,True,0.66265,0.020497,0.002665,0.4066,10,0.54341,0,,,
planted 0.5,135,0.013413153777783005,True,0,True,True,True,True,True,True,True,0.72466,0.037507,0.011236,0.6358,1,0.99693,0,0.87707,0.74541,0.57983
planted 0.8,135,0.018388610058729223,True,0,True,True,True,True,True,True,True,0.66739,0.026256,0.010853,0.47633,1,0.97459,0,0.64655,0.45086,0.2805
late slow timing,135,0.0,False,2,True,False,False,False,False,False,True,0.9376,0.059368,0.0055713,0.2767,1,0.77404,0,,,
rotation,135,0.0,False,3,True,True,False,False,False,False,True,0.71258,0.0039067,0.0022181,0.15605,2,0.52,0,,,
binary rotation,135,0.0,False,2,True,False,False,False,False,False,True,0.68771,0.0015068,0.0029535,0.036634,2,0.34661,0,,,
top sector,135,0.0,False,2,True,False,False,False,False,False,True,0.24371,-0.073131,0.0034874,-0.67403,1,0.014267,0,,,
near benchmark,135,0.0,False,2,True,False,False,False,False,True,True,0.67455,-0.004486,0.0011582,-0.36574,2,0.053158,0,,,
timing,136,0.0,False,2,True,False,False,False,False,False,True,0.45051,-0.012007,0.011581,-0.19472,1,0.19834,0,,,
slow timing,136,0.0,False,2,True,False,False,False,False,False,True,0.50525,-0.0096864,0.0022281,-0.22449,1,0.18232,0,,,
selection,136,0.0,False,2,True,False,False,False,False,False,True,0.50298,-0.0034277,0.011297,-0.059485,10,0.032417,0,,,
slow selection,136,0.0,False,3,True,True,False,False,False,False,True,0.65219,0.019373,0.0025754,0.40925,10,0.29793,0,,,
planted 0.5,136,0.013413153777783005,False,7,True,True,True,True,True,True,False,0.7387,0.039234,0.011362,0.62721,1,0.99684,0,0.85612,0.71446,0.5443
planted 0.8,136,0.018388610058729223,True,0,True,True,True,True,True,True,True,0.79795,0.048854,0.011289,0.88345,1,0.99991,0,0.96904,0.91428,0.81858
late slow timing,136,0.0,False,2,True,False,False,False,False,False,True,0.53345,0.0039227,0.0026074,0.025533,2,0.33493,0,,,
rotation,136,0.0,False,2,True,False,False,False,False,False,False,0.65668,-0.0058654,0.0024206,-0.21605,2,0.088961,0,,,
binary rotation,136,0.0,False,2,True,False,False,False,False,False,True,0.60511,-0.013059,0.004217,-0.30297,2,0.052302,0,,,
top sector,136,0.0,False,2,True,False,False,False,False,False,True,0.32629,-0.057904,0.0035731,-0.44035,1,0.076736,1,,,
near benchmark,136,0.0,False,2,True,False,False,False,False,True,True,0.69809,-0.00057985,0.0011561,-0.046015,2,0.25215,0,,,
timing,137,0.0,False,2,True,False,False,False,False,False,True,0.47564,-0.008483,0.010898,-0.14968,1,0.25807,0,,,
slow timing,137,0.0,False,2,True,False,False,False,False,False,True,0.53193,-0.0036953,0.0022778,-0.078158,1,0.37011,0,,,
selection,137,0.0,False,2,True,False,False,False,False,True,True,0.51187,-0.0020676,0.011592,-0.035017,10,0.041958,0,,,
slow selection,137,0.0,False,3,True,True,False,False,False,False,True,0.59857,0.0082347,0.0022166,0.19011,10,0.21327,0,,,
planted 0.5,137,0.013413153777783005,False,2,True,False,True,False,False,True,True,0.5447,0.0056336,0.011414,0.10042,1,0.66873,0,0.12709,0.050661,0.018079
planted 0.8,137,0.018388610058729223,True,0,True,True,True,True,True,True,True,0.84198,0.055848,0.01122,0.91071,1,0.99996,0,0.99186,0.97246,0.92977
late slow timing,137,0.0,False,2,True,False,False,False,False,False,True,0.74958,0.042291,0.0049282,0.17282,1,0.68447,0,,,
rotation,137,0.0,False,2,True,False,False,False,False,False,True,0.68061,-0.0016736,0.0024702,-0.063562,2,0.22623,0,,,
binary rotation,137,0.0,False,2,True,False,False,False,False,False,True,0.57053,-0.019798,0.0035531,-0.4618,2,0.021751,0,,,
top sector,137,0.0,False,2,True,False,False,False,False,True,True,0.6823,0.018703,0.0035782,0.17681,2,0.54258,0,,,
near benchmark,137,0.0,False,2,True,False,False,False,False,True,True,0.70625,0.00076634,0.0010236,0.062599,2,0.38114,0,,,
timing,138,0.0,False,2,True,False,False,False,False,False,True,0.46771,-0.010257,0.011123,-0.16957,1,0.22573,0,,,
slow timing,138,0.0,False,2,True,False,False,False,False,False,True,0.51392,-0.0058687,0.0025974,-0.10579,1,0.34469,0,,,
selection,138,0.0,False,2,True,False,True,False,False,True,True,0.53655,0.0023804,0.011214,0.042131,10,0.083014,0,,,
slow selection,138,0.0,False,4,True,True,True,False,False,False,True,0.63656,0.015728,0.0026118,0.34982,10,0.40651,0,,,
planted 0.5,138,0.013413153777783005,True,0,True,True,True,True,True,True,True,0.65298,0.021987,0.011183,0.40506,1,0.97017,0,0.61077,0.41402,0.25009
planted 0.8,138,0.018388610058729223,True,0,True,True,True,True,True,True,True,0.79151,0.044645,0.010944,0.81517,1,0.99984,0,0.97279,0.92318,0.83437
late slow timing,138,0.0,False,2,True,False,False,False,False,False,True,0.20391,-0.12745,0.0018359,-0.62601,1,0.017745,1,,,
rotation,138,0.0,False,3,True,True,False,True,False,False,False,0.76299,0.012756,0.0020083,0.54438,2,0.9606,0,,,
binary rotation,138,0.0,False,4,True,True,True,False,False,False,True,0.75029,0.012593,0.0032786,0.31881,2,0.73789,0,,,
top sector,138,0.0,False,2,True,False,False,False,False,False,False,0.48662,-0.023792,0.0034909,-0.2545,2,0.079429,0,,,
near benchmark,138,0.0,False,3,True,True,False,False,False,True,True,0.71519,0.0023048,0.0011196,0.17702,2,0.5182,0,,,
timing,139,0.0,False,2,True,False,False,False,False,False,True,0.48101,-0.0082273,0.010932,-0.15559,1,0.23334,0,,,
slow timing,139,0.0,False,2,True,False,False,False,False,False,True,0.56808,0.0031444,0.0023005,0.065618,1,0.60464,0,,,
selection,139,0.0,False,2,True,False,True,False,False,True,False,0.57482,0.0078314,0.010923,0.14783,10,0.15609,0,,,
slow selection,139,0.0,False,2,True,False,False,False,False,False,True,0.5689,0.0036886,0.0025908,0.075438,10,0.10084,0,,,
planted 0.5,139,0.013413153777783005,True,0,True,True,True,True,True,True,True,0.70983,0.032132,0.011457,0.60114,1,0.99498,0,0.83978,0.68892,0.51347
planted 0.8,139,0.018388610058729223,True,0,True,True,True,True,True,True,True,0.74832,0.03738,0.011071,0.64251,1,0.99385,0,0.82419,0.66765,0.49081
late slow timing,139,0.0,False,2,True,False,False,False,False,False,False,0.89917,0.037758,0.004042,0.20764,2,0.53255,0,,,
rotation,139,0.0,False,2,True,False,False,False,False,False,True,0.62213,-0.011857,0.0028644,-0.4242,2,0.03481,0,,,
binary rotation,139,0.0,False,2,True,False,False,False,False,False,True,0.6938,0.0026691,0.0034126,0.063989,2,0.38215,0,,,
top sector,139,0.0,False,2,True,False,False,False,False,False,True,0.53204,-0.007376,0.0041417,-0.06495,2,0.22824,0,,,
near benchmark,139,0.0,False,2,True,False,False,False,False,True,True,0.68097,-0.0033822,0.001198,-0.2575,2,0.077248,0,,,
timing,140,0.0,False,2,True,False,False,False,False,False,False,0.45662,-0.011854,0.011628,-0.20663,1,0.18539,0,,,
slow timing,140,0.0,False,2,True,False,False,False,False,False,True,0.47763,-0.012861,0.0024757,-0.26514,1,0.13375,0,,,
selection,140,0.0,False,2,True,False,True,False,False,False,False,0.54857,0.0037676,0.011199,0.069651,10,0.099884,0,,,
slow selection,140,0.0,False,3,True,True,False,False,False,True,False,0.62822,0.013172,0.00247,0.32954,10,0.35831,0,,,
planted 0.5,140,0.013413153777783005,False,5,True,True,True,True,False,True,True,0.62999,0.018041,0.011516,0.31434,1,0.91189,0,0.37072,0.20365,0.099262
planted 0.8,140,0.018388610058729223,False,5,True,True,True,True,False,True,True,0.6279,0.018173,0.011156,0.30869,1,0.90387,0,0.33905,0.18137,0.086293
late slow timing,140,0.0,False,2,True,False,False,False,False,False,True,0.38268,-0.066755,0.0033428,-0.40178,2,0.034594,0,,,
rotation,140,0.0,False,2,True,False,False,False,False,False,True,0.60056,-0.016104,0.0029502,-0.58281,2,0.0036623,0,,,
binary rotation,140,0.0,False,2,True,False,False,False,False,False,True,0.67993,4.5259e-05,0.0037601,0.0010898,2,0.30291,0,,,
top sector,140,0.0,False,2,True,False,False,False,False,False,True,0.093935,-0.098212,0.003578,-0.80077,1,0.004738,2,,,
near benchmark,140,0.0,False,2,True,False,False,False,False,True,True,0.65906,-0.0070375,0.0011219,-0.50645,2,0.0071286,0,,,
timing,141,0.0,False,2,True,False,False,False,False,False,True,0.43246,-0.01622,0.011398,-0.29442,1,0.099567,0,,,
slow timing,141,0.0,False,2,True,False,False,False,False,False,True,0.52087,-0.0052821,0.0025982,-0.095252,1,0.34635,0,,,
selection,141,0.0,False,4,True,True,True,False,False,True,False,0.60954,0.01542,0.011321,0.25843,10,0.19233,0,,,
slow selection,141,0.0,False,3,True,True,False,False,False,False,True,0.58938,0.0069914,0.0023803,0.14987,10,0.16726,0,,,
planted 0.5,141,0.013413153777783005,True,0,True,True,True,True,True,True,True,0.79796,0.047275,0.010778,0.8562,1,0.99986,0,0.97956,0.93951,0.86386
planted 0.8,141,0.018388610058729223,True,0,True,True,True,True,True,True,True,0.6976,0.030711,0.011219,0.56295,1,0.98818,0,0.72376,0.5395,0.3615
late slow timing,141,0.0,False,2,True,False,False,False,False,False,True,0.93458,0.062563,0.0034803,0.36132,1,0.85078,0,,,
rotation,141,0.0,False,2,True,False,False,False,False,False,True,0.62308,-0.011926,0.0028506,-0.42149,2,0.040787,0,,,
binary rotation,141,0.0,False,2,True,False,False,False,False,False,True,0.6323,-0.0081649,0.0030358,-0.18791,2,0.13387,0,,,
top sector,141,0.0,False,2,True,False,False,False,False,False,False,0.59998,0.0048281,0.0040491,0.041699,2,0.35209,0,,,
near benchmark,141,0.0,False,3,True,True,False,False,False,True,True,0.71017,0.0013937,0.0010958,0.11675,2,0.47624,0,,,
timing,142,0.0,False,2,True,False,False,False,False,False,False,0.41985,-0.019227,0.011204,-0.34999,1,0.082917,0,,,
slow timing,142,0.0,False,2,True,False,False,False,False,True,True,0.5412,-0.0022439,0.002383,-0.051451,1,0.40803,0,,,
selection,142,0.0,False,4,True,True,True,False,False,True,True,0.59178,0.011447,0.011355,0.20348,10,0.21423,0,,,
slow selection,142,0.0,False,4,True,True,True,False,False,False,True,0.70316,0.026407,0.0023567,0.62871,10,0.78748,0,,,
planted 0.5,142,0.013413153777783005,True,0,True,True,True,True,True,True,True,0.65614,0.021901,0.01107,0.42289,1,0.95838,0,0.55123,0.3567,0.20554
planted 0.8,142,0.018388610058729223,True,0,True,True,True,True,True,True,True,0.86566,0.061536,0.011279,1.0397,1,0.99999,0,0.99142,0.97099,0.92626
late slow timing,142,0.0,False,2,True,False,False,False,False,False,True,0.98915,0.063101,0.0033543,0.34741,1,0.87604,1,,,
rotation,142,0.0,False,2,True,False,False,False,False,False,True,0.65266,-0.006835,0.0025464,-0.27684,2,0.047709,0,,,
binary rotation,142,0.0,False,2,True,False,False,False,False,False,True,0.54033,-0.025469,0.0039449,-0.61939,2,0.0062135,0,,,
top sector,142,0.0,False,2,True,False,False,False,False,False,True,0.5564,-0.003224,0.004594,-0.029665,2,0.26662,0,,,
near benchmark,142,0.0,False,2,True,False,False,False,False,True,True,0.64845,-0.0087973,0.0011072,-0.65507,2,0.0024862,0,,,
timing,143,0.0,False,2,True,False,False,False,False,False,True,0.43123,-0.016631,0.011222,-0.31678,1,0.065026,0,,,
slow timing,143,0.0,False,3,True,True,False,False,False,False,False,0.59599,0.0086072,0.0024443,0.17449,2,0.59076,0,,,
selection,143,0.0,False,4,True,True,True,False,False,True,True,0.60419,0.013564,0.011268,0.24357,10,0.13071,0,,,
slow selection,143,0.0,False,3,True,True,False,False,False,False,False,0.62671,0.015094,0.0027555,0.28042,10,0.085057,0,,,
planted 0.5,143,0.013413153777783005,False,2,True,False,True,False,False,True,True,0.55012,0.0063813,0.010724,0.11064,1,0.69539,0,0.14375,0.059089,0.021705
planted 0.8,143,0.018388610058729223,True,0,True,True,True,True,True,True,True,0.78495,0.04349,0.010902,0.79957,1,0.99994,0,0.98793,0.95991,0.90088
late slow timing,143,0.0,False,2,True,False,False,False,False,False,True,0.90639,0.076784,0.0042386,0.31117,1,0.80722,0,,,
rotation,143,0.0,False,2,True,False,False,False,False,False,True,0.65753,-0.0057047,0.0025644,-0.20921,2,0.10193,0,,,
binary rotation,143,0.0,False,3,True,True,False,False,False,False,False,0.7655,0.015595,0.0038527,0.3781,2,0.63577,0,,,
top sector,143,0.0,False,2,True,False,False,False,False,False,True,0.64881,0.010059,0.00359,0.091705,2,0.41619,0,,,
near benchmark,143,0.0,False,3,True,True,False,False,False,True,True,0.7211,0.003222,0.0011354,0.26356,2,0.64164,0,,,
timing,144,0.0,False,2,True,False,False,False,False,False,True,0.32812,-0.036502,0.011267,-0.67597,1,0.00054903,0,,,
slow timing,144,0.0,False,3,True,True,False,False,False,True,True,0.58624,0.0066052,0.0025172,0.13788,1,0.71059,0,,,
selection,144,0.0,False,4,True,True,True,False,False,True,True,0.60811,0.014337,0.011369,0.25368,10,0.25289,0,,,
slow selection,144,0.0,False,4,True,True,True,False,False,False,True,0.74133,0.035562,0.0025742,0.74857,10,0.7774,0,,,
planted 0.5,144,0.013413153777783005,True,0,True,True,True,True,True,True,True,0.78378,0.044228,0.011549,0.77127,1,0.99987,0,0.979,0.93776,0.86003
planted 0.8,144,0.018388610058729223,False,7,True,True,True,True,True,True,False,0.82176,0.051618,0.01133,0.94337,1,1,0,0.99866,0.99389,0.97984
late slow timing,144,0.0,False,3,True,True,False,True,False,False,True,1.1113,0.10056,0.0035758,0.56492,1,0.93039,0,,,
rotation,144,0.0,False,2,True,False,False,False,False,False,True,0.62452,-0.011646,0.0025324,-0.44226,2,0.02184,0,,,
binary rotation,144,0.0,False,2,True,False,False,False,False,False,True,0.63559,-0.0080478,0.0026433,-0.2004,2,0.10909,0,,,
top sector,144,0.0,False,2,True,False,False,False,False,False,True,0.50286,-0.0098577,0.0030396,-0.072354,1,0.40555,0,,,
near benchmark,144,0.0,False,2,True,False,False,False,False,True,True,0.66884,-0.0053011,0.0011015,-0.38999,2,0.030145,0,,,
timing,145,0.0,False,2,True,False,False,False,False,False,True,0.31622,-0.036872,0.011127,-0.68281,1,0.0015636,0,,,
slow timing,145,0.0,False,3,True,True,False,False,False,True,False,0.59162,0.007338,0.0026987,0.1587,1,0.7435,0,,,
selection,145,0.0,False,2,True,False,False,False,False,False,True,0.51048,-0.0023284,0.011021,-0.041449,10,0.038489,0,,,
slow selection,145,0.0,False,4,True,True,True,False,False,False,True,0.73548,0.035963,0.0027762,0.65714,11,0.50796,0,,,
planted 0.5,145,0.013413153777783005,False,7,True,True,True,True,True,True,False,0.64704,0.023008,0.01132,0.39724,1,0.94952,0,0.52618,0.33247,0.18666
planted 0.8,145,0.018388610058729223,False,7,True,True,True,True,True,True,False,0.96155,0.071836,0.011159,1.2159,1,1,0,0.99981,0.99891,0.99557
late slow timing,145,0.0,False,4,True,True,True,False,False,False,True,1.0364,0.1084,0.0044407,0.3898,2,0.7223,1,,,
rotation,145,0.0,False,3,True,True,False,False,False,False,True,0.70615,0.0027554,0.0025918,0.11004,2,0.46091,0,,,
binary rotation,145,0.0,False,2,True,False,False,False,False,False,True,0.58459,-0.017544,0.003895,-0.42319,2,0.021383,0,,,
top sector,145,0.0,False,2,True,False,False,False,False,False,True,0.57397,-0.00075613,0.0036765,-0.0065498,2,0.29383,0,,,
near benchmark,145,0.0,False,2,True,False,False,False,False,True,True,0.70435,0.00049609,0.0010711,0.038067,2,0.34502,0,,,
timing,146,0.0,False,2,True,False,False,False,False,False,True,0.41511,-0.019292,0.011453,-0.35805,1,0.05628,0,,,
slow timing,146,0.0,False,2,True,False,False,False,False,False,True,0.52293,-0.0056921,0.0025417,-0.13015,1,0.28853,0,,,
selection,146,0.0,False,2,True,False,False,False,False,False,False,0.52221,-0.00096785,0.011428,-0.018137,10,0.048919,0,,,
slow selection,146,0.0,False,4,True,True,True,False,False,False,False,0.6684,0.022051,0.0024174,0.42627,10,0.41964,0,,,
planted 0.5,146,0.013413153777783005,True,0,True,True,True,True,True,True,True,0.7372,0.03773,0.011385,0.61759,1,0.99665,0,0.87506,0.74415,0.58043
planted 0.8,146,0.018388610058729223,False,7,True,True,True,True,True,True,False,0.75865,0.040903,0.011215,0.74947,1,0.99968,0,0.96737,0.91088,0.81334
late slow timing,146,0.0,False,2,True,False,False,False,False,False,True,0.35332,-0.095976,0.0028278,-0.48451,1,0.059341,0,,,
rotation,146,0.0,False,2,True,False,False,False,False,False,True,0.60787,-0.01462,0.0023416,-0.56036,2,0.014275,0,,,
binary rotation,146,0.0,False,2,True,False,False,False,False,False,True,0.56439,-0.020426,0.0039425,-0.46838,2,0.0093935,0,,,
top sector,146,0.0,False,2,True,False,False,False,False,False,True,0.39531,-0.035902,0.0035886,-0.33079,2,0.041901,0,,,
near benchmark,146,0.0,False,2,True,False,False,False,False,True,True,0.64527,-0.0093036,0.0011542,-0.70583,2,0.0014987,0,,,
timing,147,0.0,False,2,True,False,False,False,False,False,True,0.3711,-0.028768,0.011202,-0.53993,1,0.010024,0,,,
slow timing,147,0.0,False,3,True,True,False,True,False,False,True,0.67397,0.022943,0.002523,0.43173,1,0.9645,0,,,
selection,147,0.0,False,2,True,False,False,False,False,False,True,0.51442,-0.0024703,0.011798,-0.046141,10,0.037591,0,,,
slow selection,147,0.0,False,4,True,True,True,False,False,False,False,0.77364,0.040618,0.0025578,0.77113,10,0.37215,0,,,
planted 0.5,147,0.013413153777783005,True,0,True,True,True,True,True,True,True,0.65041,0.020802,0.011191,0.35478,1,0.9462,0,0.46996,0.28163,0.14947
planted 0.8,147,0.018388610058729223,True,0,True,True,True,True,True,True,True,0.78746,0.045623,0.011277,0.83129,1,0.99968,0,0.95788,0.89164,0.78376
late slow timing,147,0.0,False,2,True,False,False,False,False,False,True,0.4503,-0.071063,0.0034457,-0.30363,1,0.21409,1,,,
rotation,147,0.0,False,2,True,False,False,False,False,False,False,0.63771,-0.0092277,0.0023677,-0.33491,2,0.060983,0,,,
binary rotation,147,0.0,False,2,True,False,False,False,False,False,True,0.63541,-0.0075765,0.0042728,-0.17501,2,0.11415,0,,,
top sector,147,0.0,False,2,True,False,False,False,False,True,False,0.61403,0.0023768,0.0044095,0.023527,2,0.32907,0,,,
near benchmark,147,0.0,False,2,True,False,False,False,False,True,True,0.64175,-0.0098241,0.0011426,-0.76192,2,0.0021525,0,,,
timing,148,0.0,False,2,True,False,True,False,False,False,True,0.51574,-0.002253,0.010848,-0.040148,1,0.42917,0,,,
slow timing,148,0.0,False,2,True,False,False,False,False,False,True,0.50628,-0.0088,0.0029867,-0.18536,1,0.23739,0,,,
selection,148,0.0,False,2,True,False,True,False,False,False,False,0.53381,0.0012173,0.010835,0.022215,10,0.070483,0,,,
slow selection,148,0.0,False,4,True,True,True,False,False,True,True,0.73413,0.033894,0.0027538,0.66788,11,0.58737,0,,,
planted 0.5,148,0.013413153777783005,True,0,True,True,True,True,True,True,True,0.67684,0.026944,0.011597,0.45968,1,0.9667,0,0.47706,0.28924,0.15573
planted 0.8,148,0.018388610058729223,False,4,True,True,True,False,False,True,True,0.58928,0.012837,0.011721,0.23251,1,0.84565,0,0.24285,0.11586,0.049155
late slow timing,148,0.0,False,3,True,True,False,True,False,False,True,1.0407,0.096853,0.0047326,0.44035,1,0.93023,0,,,
rotation,148,0.0,False,2,True,False,False,False,False,False,True,0.67643,-0.0025075,0.0020423,-0.099348,2,0.19181,0,,,
binary rotation,148,0.0,False,2,True,False,False,False,False,False,True,0.69612,0.0031371,0.003404,0.074865,2,0.3994,0,,,
top sector,148,0.0,False,2,True,False,False,False,False,False,True,-0.010029,-0.13177,0.0040388,-0.88303,2,0.00037553,1,,,
near benchmark,148,0.0,False,2,True,False,False,False,False,True,True,0.67912,-0.00375,0.0010807,-0.31168,2,0.060168,0,,,
timing,149,0.0,False,2,True,False,False,False,False,False,True,0.3429,-0.032779,0.011248,-0.6448,1,0.0016814,0,,,
slow timing,149,0.0,False,2,True,False,False,False,False,False,True,0.42584,-0.022501,0.0020733,-0.56545,1,0.011099,0,,,
selection,149,0.0,False,2,True,False,False,False,False,False,True,0.48632,-0.0072734,0.011233,-0.12843,10,0.016597,0,,,
slow selection,149,0.0,False,3,True,True,False,False,False,False,True,0.66995,0.021991,0.0024612,0.50154,10,0.65652,0,,,
planted 0.5,149,0.013413153777783005,True,0,True,True,True,True,True,True,True,0.66562,0.025374,0.011318,0.4523,1,0.96335,0,0.51976,0.32649,0.18215
planted 0.8,149,0.018388610058729223,True,0,True,True,True,True,True,True,True,0.79816,0.045293,0.010992,0.84336,1,0.99964,0,0.94505,0.86471,0.74094
late slow timing,149,0.0,False,2,True,False,False,False,False,False,True,0.57777,-0.029974,0.0027056,-0.13617,1,0.33251,2,,,
rotation,149,0.0,False,3,True,True,False,False,False,False,False,0.70995,0.0034208,0.0025394,0.13737,2,0.51735,0,,,
binary rotation,149,0.0,False,2,True,False,False,False,False,False,True,0.66909,-0.0010835,0.0038006,-0.023845,2,0.27398,0,,,
top sector,149,0.0,False,2,True,False,False,False,False,False,True,0.65125,0.017924,0.0039558,0.15587,2,0.53042,0,,,
near benchmark,149,0.0,False,4,True,True,True,False,False,True,True,0.72822,0.0044133,0.0010754,0.35823,2,0.74114,0,,,
timing,150,0.0,False,2,True,False,False,False,False,False,False,0.459,-0.012474,0.011093,-0.22734,1,0.17919,0,,,
slow timing,150,0.0,False,2,True,False,False,False,False,False,True,0.51652,-0.006817,0.0025129,-0.16071,2,0.11312,0,,,
selection,150,0.0,False,2,True,False,False,False,False,False,True,0.51388,-0.0020986,0.011241,-0.036504,10,0.04197,0,,,
slow selection,150,0.0,False,4,True,True,True,False,False,True,False,0.65587,0.018593,0.0021886,0.44398,10,0.48212,0,,,
planted 0.5,150,0.013413153777783005,True,0,True,True,True,True,True,True,True,0.64144,0.021778,0.011182,0.36901,1,0.94327,0,0.50242,0.31085,0.17073
planted 0.8,150,0.018388610058729223,False,7,True,True,True,True,True,True,False,0.77854,0.044159,0.011359,0.77496,1,0.99987,0,0.97912,0.9383,0.8614
late slow timing,150,0.0,False,3,True,True,False,True,False,False,True,1.1418,0.09075,0.0030273,0.56048,1,0.9228,0,,,
rotation,150,0.0,False,2,True,False,False,False,False,False,True,0.64488,-0.0079302,0.0026289,-0.29412,2,0.077687,0,,,
binary rotation,150,0.0,False,2,True,False,False,False,False,False,True,0.6577,-0.0041396,0.003574,-0.1054,2,0.18904,0,,,
top sector,150,0.0,False,2,True,False,False,False,False,False,True,0.32456,-0.056537,0.0044923,-0.40762,2,0.034445,1,,,
near benchmark,150,0.0,False,2,True,False,False,False,False,True,True,0.67585,-0.004298,0.0011944,-0.36774,2,0.029046,0,,,
timing,151,0.0,False,2,True,False,False,False,False,False,True,0.48694,-0.0072634,0.011433,-0.13053,1,0.28956,0,,,
slow timing,151,0.0,False,2,True,False,False,False,False,False,True,0.49328,-0.01082,0.0024284,-0.21451,1,0.16325,0,,,
selection,151,0.0,False,2,True,False,True,False,False,True,True,0.55408,0.0058846,0.01113,0.096177,10,0.10321,0,,,
slow selection,151,0.0,False,3,True,True,False,False,False,False,False,0.70758,0.029177,0.0023755,0.65873,10,0.54753,0,,,
planted 0.5,151,0.013413153777783005,True,0,True,True,True,True,True,True,True,0.74441,0.039,0.010948,0.6772,1,0.99554,0,0.85025,0.70461,0.53172
planted 0.8,151,0.018388610058729223,True,0,True,True,True,True,True,True,True,0.9203,0.066168,0.011399,1.1721,1,1,0,0.99937,0.99681,0.98849
late slow timing,151,0.0,False,2,True,False,False,False,False,False,True,0.67404,-0.04858,0.0048879,-0.15417,2,0.1659,0,,,
rotation,151,0.0,False,2,True,False,False,False,False,False,True,0.61134,-0.014016,0.0025364,-0.50458,2,0.006823,0,,,
binary rotation,151,0.0,False,3,True,True,False,False,False,False,True,0.70568,0.0050357,0.003415,0.11775,2,0.47404,0,,,
top sector,151,0.0,False,2,True,False,False,False,False,False,False,0.27027,-0.067541,0.0035821,-0.66825,1,0.0036462,0,,,
near benchmark,151,0.0,False,2,True,False,False,False,False,True,True,0.70726,0.00091826,0.0012306,0.077085,2,0.4106,0,,,
timing,152,0.0,False,2,True,False,False,False,False,False,False,0.3926,-0.022981,0.010977,-0.41791,1,0.041956,0,,,
slow timing,152,0.0,False,3,True,True,False,False,False,False,True,0.57645,0.004794,0.0024152,0.10084,1,0.66158,0,,,
selection,152,0.0,False,2,True,False,False,False,False,False,True,0.51074,-0.0014809,0.011245,-0.023524,10,0.046427,0,,,
slow selection,152,0.0,False,4,True,True,True,False,False,False,True,0.66312,0.019806,0.0026983,0.43802,10,0.29455,0,,,
planted 0.5,152,0.013413153777783005,False,7,True,True,True,True,True,True,False,0.70028,0.030403,0.011295,0.57229,1,0.99607,0,0.86045,0.72016,0.55009
planted 0.8,152,0.018388610058729223,True,0,True,True,True,True,True,True,True,0.7715,0.040577,0.010894,0.73797,1,0.99817,0,0.8506,0.70694,0.5363
late slow timing,152,0.0,False,2,True,False,False,False,False,False,True,0.5259,-0.087526,0.0040683,-0.35045,1,0.11219,0,,,
rotation,152,0.0,False,2,True,False,False,False,False,False,True,0.6913,0.00034579,0.0023892,0.012604,2,0.31839,0,,,
binary rotation,152,0.0,False,2,True,False,False,False,False,False,True,0.65921,-0.0034373,0.0038018,-0.081075,2,0.20656,0,,,
top sector,152,0.0,False,2,True,False,False,False,False,False,True,0.46089,-0.020965,0.003945,-0.15734,2,0.17011,0,,,
near benchmark,152,0.0,False,4,True,True,True,False,False,True,True,0.72682,0.0041808,0.0010778,0.35244,2,0.82028,0,,,
timing,153,0.0,False,2,True,False,True,False,False,False,True,0.5779,0.0088714,0.0114,0.15966,1,0.7519,0,,,
slow timing,153,0.0,False,3,True,True,False,False,False,True,True,0.59132,0.0069432,0.0025633,0.15773,1,0.76438,0,,,
selection,153,0.0,False,2,True,False,False,False,False,False,True,0.52955,0.00063124,0.010991,0.011522,10,0.064208,0,,,
slow selection,153,0.0,False,6,True,True,True,True,True,False,False,0.85485,0.057719,0.0027827,1.0451,10,0.93639,0,,,
planted 0.5,153,0.013413153777783005,True,0,True,True,True,True,True,True,True,0.64502,0.023448,0.011294,0.39022,1,0.95193,0,0.53564,0.34117,0.19313
planted 0.8,153,0.018388610058729223,True,0,True,True,True,True,True,True,True,0.77731,0.042579,0.011125,0.73253,1,0.99943,0,0.92941,0.83575,0.69989
late slow timing,153,0.0,False,2,True,False,False,False,False,False,True,0.36474,-0.10317,0.0028732,-0.50492,1,0.045205,0,,,
rotation,153,0.0,False,2,True,False,False,False,False,False,True,0.61434,-0.013682,0.0022283,-0.55488,2,0.0093642,0,,,
binary rotation,153,0.0,False,2,True,False,False,False,False,False,True,0.62725,-0.0093705,0.0039519,-0.22363,2,0.090902,0,,,
top sector,153,0.0,False,2,True,False,False,False,False,False,True,0.69349,0.019921,0.004227,0.17758,1,0.72199,1,,,
near benchmark,153,0.0,False,2,True,False,False,False,False,True,True,0.7041,0.00046423,0.0010189,0.035052,2,0.352,0,,,
timing,154,0.0,False,2,True,False,False,False,False,False,True,0.41096,-0.019162,0.011235,-0.33046,1,0.073263,0,,,
slow timing,154,0.0,False,2,True,False,False,False,False,False,True,0.38655,-0.030828,0.0024581,-0.66867,1,0.0033089,0,,,
selection,154,0.0,False,4,True,True,True,False,False,True,False,0.59222,0.0116,0.010847,0.20488,10,0.24023,0,,,
slow selection,154,0.0,False,3,True,True,False,False,False,False,True,0.68622,0.024995,0.0024517,0.52884,10,0.58172,0,,,
planted 0.5,154,0.013413153777783005,True,0,True,True,True,True,True,True,True,0.78773,0.046265,0.011354,0.75251,1,0.99925,0,0.92089,0.81932,0.6758
planted 0.8,154,0.018388610058729223,False,7,True,True,True,True,True,True,False,0.84907,0.056651,0.011575,1.0572,1,0.99999,0,0.99608,0.98486,0.95684
late slow timing,154,0.0,False,3,True,True,False,False,False,False,True,1.0233,0.076809,0.0038914,0.3694,1,0.8794,0,,,
rotation,154,0.0,False,2,True,False,False,False,False,False,True,0.62076,-0.012238,0.0027274,-0.44029,2,0.018657,0,,,
binary rotation,154,0.0,False,3,True,True,False,False,False,False,False,0.71668,0.0066207,0.0030801,0.16439,2,0.50013,0,,,
top sector,154,0.0,False,2,True,False,False,False,False,False,True,0.44897,-0.031402,0.0045929,-0.27954,2,0.081667,1,,,
near benchmark,154,0.0,False,4,True,True,True,False,False,True,False,0.74043,0.0064497,0.0011006,0.49385,2,0.86421,0,,,
timing,155,0.0,False,2,True,False,False,False,False,False,True,0.3892,-0.025149,0.011352,-0.45793,1,0.013913,0,,,
slow timing,155,0.0,False,2,True,False,False,False,False,False,True,0.45258,-0.019826,0.0023499,-0.45618,1,0.035476,0,,,
selection,155,0.0,False,4,True,True,True,False,False,True,True,0.62103,0.017004,0.011276,0.28399,10,0.22632,0,,,
slow selection,155,0.0,False,3,True,True,False,False,False,False,True,0.62414,0.013576,0.0022981,0.2882,11,0.1597,0,,,
planted 0.5,155,0.013413153777783005,True,0,True,True,True,True,True,True,True,0.71144,0.0308,0.011133,0.56324,1,0.99561,0,0.85257,0.70861,0.53692
planted 0.8,155,0.018388610058729223,True,0,True,True,True,True,True,True,True,0.65248,0.021066,0.011283,0.3657,1,0.95435,0,0.53212,0.33714,0.18958
late slow timing,155,0.0,False,1,False,False,False,False,False,False,True,0.49002,-0.07234,0.0022534,-0.34834,2,0.061791,1,,,
rotation,155,0.0,False,2,True,False,False,False,False,False,True,0.60519,-0.015097,0.0022951,-0.59829,2,0.0018729,0,,,
binary rotation,155,0.0,False,3,True,True,False,False,False,False,True,0.76944,0.016773,0.0036306,0.39109,2,0.82776,0,,,
top sector,155,0.0,False,2,True,False,False,False,False,False,True,0.28533,-0.055331,0.0039405,-0.489,1,0.04803,1,,,
near benchmark,155,0.0,False,3,True,True,False,False,False,True,False,0.72009,0.0030398,0.0010777,0.25914,2,0.67392,0,,,
timing,156,0.0,False,2,True,False,False,False,False,False,True,0.38127,-0.026743,0.011211,-0.51123,1,0.013317,0,,,
slow timing,156,0.0,False,3,True,True,False,False,False,True,True,0.58038,0.0050324,0.0023049,0.11247,1,0.69335,0,,,
selection,156,0.0,False,4,True,True,True,False,False,True,False,0.60628,0.014025,0.011022,0.24626,10,0.29295,0,,,
slow selection,156,0.0,False,3,True,True,False,False,False,False,True,0.60701,0.0096717,0.0024121,0.2289,10,0.27315,0,,,
planted 0.5,156,0.013413153777783005,True,0,True,True,True,True,True,True,True,0.69797,0.029597,0.010962,0.51847,1,0.9923,0,0.78543,0.61609,0.43686
planted 0.8,156,0.018388610058729223,True,0,True,True,True,True,True,True,True,0.75133,0.038443,0.011042,0.70486,1,0.99918,0,0.94343,0.86182,0.73702
late slow timing,156,0.0,False,1,False,False,False,False,False,False,True,0.74173,0.0006257,0.0026213,0.003656,1,0.50387,1,,,
rotation,156,0.0,False,3,True,True,False,False,False,False,True,0.70604,0.0029925,0.0026163,0.10881,2,0.43134,0,,,
binary rotation,156,0.0,False,3,True,True,False,False,False,False,True,0.74002,0.011521,0.0035836,0.25922,2,0.67545,0,,,
top sector,156,0.0,False,2,True,False,False,False,False,False,True,0.51059,-0.020173,0.0028517,-0.21056,1,0.21055,1,,,
near benchmark,156,0.0,False,4,True,True,True,False,False,True,True,0.73602,0.0057441,0.0011469,0.43862,2,0.81726,0,,,
timing,157,0.0,False,2,True,False,False,False,False,False,True,0.33362,-0.034146,0.011262,-0.59506,1,0.002846,0,,,
slow timing,157,0.0,False,3,True,True,False,True,False,False,True,0.64485,0.016886,0.0024029,0.35983,1,0.93086,0,,,
selection,157,0.0,False,2,True,False,False,False,False,True,True,0.53576,0.0022509,0.011261,0.037852,10,0.082648,0,,,
slow selection,157,0.0,False,3,True,True,False,False,False,False,False,0.66797,0.021234,0.0023379,0.44146,10,0.25648,0,,,
planted 0.5,157,0.013413153777783005,False,7,True,True,True,True,True,True,False,0.87173,0.065033,0.011532,1.1063,1,1,0,0.9985,0.99317,0.97759
planted 0.8,157,0.018388610058729223,True,0,True,True,True,True,True,True,True,0.85427,0.055836,0.011392,0.96472,1,0.99998,0,0.9943,0.97843,0.94025
late slow timing,157,0.0,False,2,True,False,False,False,False,False,True,0.92916,0.090982,0.0049476,0.41373,2,0.68557,0,,,
rotation,157,0.0,False,2,True,False,False,False,False,False,True,0.70025,0.0019727,0.0025083,0.071626,2,0.3893,0,,,
binary rotation,157,0.0,False,2,True,False,False,False,False,False,True,0.60145,-0.014334,0.003489,-0.34274,2,0.038035,0,,,
top sector,157,0.0,False,2,True,False,False,False,False,False,True,0.66172,0.019255,0.0028512,0.15997,2,0.51953,1,,,
near benchmark,157,0.0,False,3,True,True,False,False,False,True,False,0.72136,0.0032808,0.0011805,0.27146,2,0.66789,0,,,
timing,158,0.0,False,2,True,False,False,False,False,False,True,0.41231,-0.020633,0.01092,-0.35753,1,0.065408,0,,,
slow timing,158,0.0,False,2,True,False,False,False,False,False,True,0.50639,-0.0082614,0.0025432,-0.17057,1,0.24944,0,,,
selection,158,0.0,False,4,True,True,True,False,False,True,True,0.61503,0.015499,0.011246,0.27659,10,0.26013,0,,,
slow selection,158,0.0,False,3,True,True,False,False,False,False,True,0.57998,0.0047014,0.0025016,0.10954,10,0.099191,0,,,
planted 0.5,158,0.013413153777783005,True,0,True,True,True,True,True,True,True,0.67874,0.024468,0.01112,0.46704,1,0.98262,0,0.70555,0.5171,0.33973
planted 0.8,158,0.018388610058729223,True,0,True,True,True,True,True,True,True,0.88158,0.062791,0.0114,1.0534,1,1,0,0.99824,0.99169,0.97225
late slow timing,158,0.0,False,1,False,False,False,False,False,False,True,0.95623,0.087889,0.0026964,0.35211,1,0.87537,0,,,
rotation,158,0.0,False,2,True,False,False,False,False,False,True,0.61333,-0.013561,0.002424,-0.49544,2,0.01351,0,,,
binary rotation,158,0.0,False,3,True,True,False,False,False,False,True,0.72926,0.0090523,0.003415,0.21981,2,0.60451,0,,,
top sector,158,0.0,False,3,True,True,False,True,False,False,True,0.82035,0.048982,0.0033109,0.4272,1,0.94003,0,,,
near benchmark,158,0.0,False,2,True,False,False,False,False,True,True,0.69439,-0.0012183,0.0011191,-0.1018,2,0.19637,0,,,
timing,159,0.0,False,2,True,False,False,False,False,False,False,0.42848,-0.016941,0.011265,-0.28604,1,0.10156,0,,,
slow timing,159,0.0,False,3,True,True,False,False,False,True,True,0.58417,0.0052654,0.0024431,0.12798,1,0.69645,0,,,
selection,159,0.0,False,2,True,False,True,False,False,True,True,0.56361,0.0063294,0.011576,0.11475,10,0.14428,0,,,
slow selection,159,0.0,False,4,True,True,True,False,False,True,False,0.63062,0.014272,0.0027111,0.31674,10,0.15916,0,,,
planted 0.5,159,0.013413153777783005,True,0,True,True,True,True,True,True,True,0.65612,0.022208,0.010928,0.41295,1,0.96849,0,0.52243,0.32975,0.18511
planted 0.8,159,0.018388610058729223,True,0,True,True,True,True,True,True,True,0.75188,0.04102,0.011279,0.76351,1,0.99919,0,0.90593,0.79388,0.64251
late slow timing,159,0.0,False,3,True,True,False,False,False,False,False,1.0373,0.10014,0.0036532,0.39968,1,0.88438,0,,,
rotation,159,0.0,False,3,True,True,False,False,False,False,True,0.71451,0.0044797,0.0027633,0.16402,2,0.52881,0,,,
binary rotation,159,0.0,False,3,True,True,False,False,False,False,True,0.7775,0.017826,0.0032215,0.43668,2,0.82763,0,,,
top sector,159,0.0,False,2,True,False,False,False,False,False,True,0.46144,-0.028902,0.0035754,-0.29078,1,0.15522,0,,,
near benchmark,159,0.0,False,3,True,True,False,False,False,True,True,0.71138,0.0016134,0.0011996,0.13311,2,0.41492,0,,,
timing,160,0.0,False,2,True,False,False,False,False,False,True,0.4633,-0.010033,0.011051,-0.16627,1,0.2303,0,,,
slow timing,160,0.0,False,2,True,False,False,False,False,False,True,0.48577,-0.012211,0.0020257,-0.2478,1,0.14391,0,,,
selection,160,0.0,False,2,True,False,True,False,False,True,False,0.55735,0.0052183,0.011022,0.094306,10,0.12554,0,,,
slow selection,160,0.0,False,3,True,True,False,False,False,False,True,0.61162,0.0113,0.0022239,0.2395,10,0.18727,0,,,
planted 0.5,160,0.013413153777783005,True,0,True,True,True,True,True,True,True,0.6809,0.0278,0.011377,0.4411,1,0.96202,0,0.5891,0.39527,0.23714
planted 0.8,160,0.018388610058729223,True,0,True,True,True,True,True,True,True,0.7328,0.038356,0.011412,0.67875,1,0.99948,0,0.94186,0.85712,0.72783
late slow timing,160,0.0,False,2,True,False,False,False,False,False,True,0.72322,-0.014308,0.004829,-0.063629,2,0.24536,0,,,
rotation,160,0.0,False,2,True,False,False,False,False,False,True,0.62762,-0.011306,0.0024088,-0.45638,2,0.017296,0,,,
binary rotation,160,0.0,False,2,True,False,False,False,False,False,True,0.68366,0.0010068,0.0032776,0.023579,2,0.33092,0,,,
top sector,160,0.0,False,3,True,True,False,False,False,True,True,0.81916,0.044462,0.0038498,0.4246,2,0.85885,0,,,
near benchmark,160,0.0,False,3,True,True,False,False,False,True,False,0.72705,0.0042905,0.0011764,0.32752,2,0.73559,0,,,
timing,161,0.0,False,2,True,False,False,False,False,False,True,0.41068,-0.020082,0.011157,-0.34556,1,0.051716,0,,,
slow timing,161,0.0,False,2,True,False,False,False,False,False,True,0.47605,-0.013807,0.0024632,-0.30448,1,0.10671,0,,,
selection,161,0.0,False,2,True,False,False,False,False,False,True,0.54264,0.0038808,0.011444,0.063681,10,0.097948,0,,,
slow selection,161,0.0,False,4,True,True,True,False,False,True,False,0.6579,0.019796,0.0025184,0.38653,10,0.49898,0,,,
planted 0.5,161,0.013413153777783005,True,0,True,True,True,True,True,True,True,0.72927,0.036514,0.011336,0.64014,1,0.99764,0,0.8942,0.77334,0.61493
planted 0.8,161,0.018388610058729223,True,0,True,True,True,True,True,True,True,0.81339,0.047182,0.01139,0.90129,1,0.99998,0,0.99389,0.97787,0.94049
late slow timing,161,0.0,False,2,True,False,False,False,False,False,True,0.89646,0.016412,0.0035247,0.088244,2,0.40775,0,,,
rotation,161,0.0,False,2,True,False,False,False,False,False,True,0.69886,0.0018171,0.0025874,0.063813,2,0.38476,0,,,
binary rotation,161,0.0,False,2,True,False,False,False,False,False,False,0.58462,-0.016255,0.003229,-0.36887,2,0.037986,0,,,
top sector,161,0.0,False,3,True,True,False,False,False,False,True,0.81824,0.037758,0.0032064,0.41778,2,0.79415,0,,,
near benchmark,161,0.0,False,2,True,False,False,False,False,True,False,0.70405,0.00041605,0.0010931,0.033297,2,0.35028,0,,,
timing,162,0.0,False,2,True,False,False,False,False,False,True,0.44247,-0.014831,0.01061,-0.23177,1,0.16556,0,,,
slow timing,162,0.0,False,3,True,True,False,True,False,False,True,0.70751,0.028142,0.0022675,0.58344,1,0.98882,0,,,
selection,162,0.0,False,2,True,False,True,False,False,True,False,0.53891,0.0018922,0.011344,0.034865,10,0.042791,0,,,
slow selection,162,0.0,False,4,True,True,True,False,False,True,True,0.58549,0.005415,0.0023121,0.13373,11,0.1361,0,,,
planted 0.5,162,0.013413153777783005,False,4,True,True,True,False,False,True,True,0.62272,0.016421,0.011167,0.28981,1,0.88935,0,0.32262,0.16883,0.078434
planted 0.8,162,0.018388610058729223,True,0,True,True,True,True,True,True,True,0.81244,0.049295,0.011312,0.92019,1,0.99997,0,0.9935,0.97656,0.93728
late slow timing,162,0.0,False,2,True,False,False,False,False,False,True,0.91837,0.069792,0.0046721,0.25251,1,0.77195,0,,,
rotation,162,0.0,False,2,True,False,False,False,False,False,True,0.65221,-0.0068791,0.0024661,-0.27248,2,0.064123,0,,,
binary rotation,162,0.0,False,2,True,False,False,False,False,False,True,0.6204,-0.010503,0.0030442,-0.24662,2,0.069922,0,,,
top sector,162,0.0,False,2,True,False,False,False,False,False,True,0.61431,0.0090254,0.0038588,0.080575,2,0.40928,0,,,
near benchmark,162,0.0,False,2,True,False,False,False,False,True,True,0.6989,-0.00041297,0.0011412,-0.031562,2,0.2684,0,,,
timing,163,0.0,False,2,True,False,False,False,False,False,False,0.42637,-0.018288,0.011289,-0.33233,1,0.065656,0,,,
slow timing,163,0.0,False,2,True,False,False,False,False,False,True,0.56836,0.0029775,0.0026126,0.065241,2,0.40749,0,,,
selection,163,0.0,False,4,True,True,True,False,False,True,True,0.63781,0.020047,0.011296,0.33868,10,0.35085,0,,,
slow selection,163,0.0,False,3,True,True,False,False,False,False,False,0.72181,0.033373,0.0024995,0.59896,10,0.34979,0,,,
planted 0.5,163,0.013413153777783005,True,0,True,True,True,True,True,True,True,0.7677,0.043405,0.011217,0.77184,1,0.9998,0,0.96487,0.90564,0.80506
planted 0.8,163,0.018388610058729223,True,0,True,True,True,True,True,True,True,0.87333,0.064635,0.0116,0.98122,1,1,0,0.99754,0.98983,0.96921
late slow timing,163,0.0,False,2,True,False,False,False,False,False,True,0.91932,0.02786,0.0030823,0.17409,1,0.72105,0,,,
rotation,163,0.0,False,2,True,False,False,False,False,False,True,0.65259,-0.0062468,0.0023578,-0.21292,2,0.10531,0,,,
binary rotation,163,0.0,False,2,True,False,False,False,False,False,True,0.64275,-0.0064162,0.0034945,-0.1528,2,0.14812,0,,,
top sector,163,0.0,False,2,True,False,False,False,False,False,True,0.45507,-0.025244,0.0041453,-0.19596,1,0.2524,0,,,
near benchmark,163,0.0,False,2,True,False,False,False,False,True,True,0.66983,-0.0052118,0.0011631,-0.39653,2,0.024553,0,,,
timing,164,0.0,False,2,True,False,False,False,False,False,True,0.45685,-0.012899,0.011179,-0.24505,1,0.15362,0,,,
slow timing,164,0.0,False,2,True,False,False,False,False,False,True,0.46037,-0.015253,0.0027896,-0.23289,1,0.18032,0,,,
selection,164,0.0,False,2,True,False,False,False,False,False,True,0.51925,-0.00021854,0.011161,-0.0037226,10,0.055681,0,,,
slow selection,164,0.0,False,3,True,True,False,False,False,False,True,0.65912,0.02017,0.0025252,0.43896,10,0.60345,0,,,
planted 0.5,164,0.013413153777783005,True,0,True,True,True,True,True,True,True,0.68463,0.027781,0.010872,0.47384,1,0.97502,0,0.65689,0.46453,0.29428
planted 0.8,164,0.018388610058729223,False,7,True,True,True,True,True,True,False,0.89678,0.064967,0.011064,1.2688,1,1,0,0.99953,0.99754,0.9908
late slow timing,164,0.0,False,2,True,False,False,False,False,False,True,0.63463,-0.01842,0.0033349,-0.071713,1,0.42536,0,,,
rotation,164,0.0,False,2,True,False,False,False,False,False,True,0.70366,0.0023274,0.0025071,0.092346,2,0.41763,0,,,
binary rotation,164,0.0,False,2,True,False,False,False,False,False,True,0.63629,-0.0073504,0.0037736,-0.1703,2,0.13027,0,,,
top sector,164,0.0,False,3,True,True,False,False,False,False,False,0.7438,0.028817,0.0034832,0.27923,2,0.66135,1,,,
near benchmark,164,0.0,False,2,True,False,False,False,False,True,True,0.70021,-0.0002315,0.0011861,-0.018766,2,0.27991,0,,,
timing,165,0.0,False,2,True,False,False,False,False,False,False,0.44985,-0.012435,0.011657,-0.21802,1,0.17335,0,,,
slow timing,165,0.0,False,7,True,True,True,True,True,True,False,0.66615,0.020703,0.0025449,0.40969,1,0.96938,0,,,
selection,165,0.0,False,2,True,False,False,False,False,False,True,0.53009,0.00099269,0.011279,0.017513,10,0.067556,0,,,
slow selection,165,0.0,False,3,True,True,False,False,False,False,True,0.65515,0.019397,0.0025473,0.40469,10,0.39662,0,,,
planted 0.5,165,0.013413153777783005,True,0,True,True,True,True,True,True,True,0.62944,0.015906,0.011267,0.30723,1,0.91473,0,0.42102,0.24305,0.12459
planted 0.8,165,0.018388610058729223,True,0,True,True,True,True,True,True,True,0.8116,0.052668,0.011493,0.95512,1,0.99996,0,0.99171,0.97113,0.92518
late slow timing,165,0.0,False,2,True,False,False,False,False,False,True,0.13557,-0.15793,0.0045466,-0.73767,1,0.01922,0,,,
rotation,165,0.0,False,2,True,False,False,False,False,False,True,0.68079,-0.0015683,0.0023833,-0.057479,2,0.2272,0,,,
binary rotation,165,0.0,False,2,True,False,False,False,False,False,True,0.64861,-0.0051545,0.0034412,-0.11759,2,0.17498,0,,,
top sector,165,0.0,False,2,True,False,False,False,False,False,True,0.6399,0.0068465,0.0034029,0.065351,1,0.59805,0,,,
near benchmark,165,0.0,False,4,True,True,True,False,False,True,False,0.72476,0.0039016,0.001143,0.2874,2,0.66251,0,,,
timing,166,0.0,False,2,True,False,True,False,False,False,True,0.5198,-0.00063884,0.011164,-0.011291,1,0.48099,0,,,
slow timing,166,0.0,False,2,True,False,False,False,False,False,True,0.49301,-0.010821,0.0025818,-0.23615,1,0.16275,0,,,
selection,166,0.0,False,2,True,False,True,False,False,True,True,0.56307,0.0060907,0.011519,0.11143,10,0.13642,0,,,
slow selection,166,0.0,False,4,True,True,True,False,False,True,True,0.65771,0.019342,0.002193,0.41245,10,0.39842,0,,,
planted 0.5,166,0.013413153777783005,True,0,True,True,True,True,True,True,True,0.822,0.051091,0.010645,0.92699,1,0.99999,0,0.99458,0.97991,0.94489
planted 0.8,166,0.018388610058729223,True,0,True,True,True,True,True,True,True,0.71918,0.036341,0.011494,0.637,1,0.99821,0,0.89657,0.77764,0.62087
late slow timing,166,0.0,False,2,True,False,False,False,False,False,True,0.79207,-0.0075175,0.0051829,-0.034984,1,0.46135,0,,,
rotation,166,0.0,False,2,True,False,False,False,False,False,True,0.67314,-0.0030878,0.0029281,-0.11923,2,0.17475,0,,,
binary rotation,166,0.0,False,2,True,False,False,False,False,False,False,0.59516,-0.015099,0.0044032,-0.36689,2,0.043939,0,,,
top sector,166,0.0,False,2,True,False,False,False,False,False,True,0.50178,-0.011418,0.0041442,-0.082135,2,0.22165,0,,,
near benchmark,166,0.0,False,2,True,False,False,False,False,True,True,0.65053,-0.008523,0.001103,-0.71824,2,0.0010135,0,,,
timing,167,0.0,False,2,True,False,False,False,False,False,True,0.47985,-0.0080759,0.011388,-0.14206,1,0.24353,0,,,
slow timing,167,0.0,False,2,True,False,False,False,False,False,True,0.47159,-0.016548,0.0023776,-0.38084,1,0.061874,0,,,
selection,167,0.0,False,2,True,False,False,False,False,False,True,0.51242,-0.0028427,0.011062,-0.054596,10,0.035094,0,,,
slow selection,167,0.0,False,3,True,True,False,False,False,False,False,0.65029,0.018425,0.0025656,0.38862,10,0.54543,0,,,
planted 0.5,167,0.013413153777783005,True,0,True,True,True,True,True,True,True,0.62951,0.020026,0.011811,0.35214,1,0.94887,0,0.52724,0.33446,0.18883
planted 0.8,167,0.018388610058729223,True,0,True,True,True,True,True,True,True,0.84381,0.058905,0.011172,1.0016,1,0.99997,0,0.99172,0.97144,0.92643
late slow timing,167,0.0,False,2,True,False,False,False,False,False,True,0.65758,-0.021742,0.0037891,-0.10015,2,0.20553,0,,,
rotation,167,0.0,False,2,True,False,False,False,False,False,True,0.60106,-0.016268,0.0023335,-0.66779,2,0.001726,0,,,
binary rotation,167,0.0,False,3,True,True,False,False,False,False,False,0.71857,0.0069695,0.0035814,0.17262,2,0.54377,0,,,
top sector,167,0.0,False,2,True,False,False,False,False,False,True,0.62095,0.0052089,0.0039471,0.052632,2,0.36959,0,,,
near benchmark,167,0.0,False,3,True,True,False,False,False,True,True,0.72301,0.0035754,0.0011211,0.27688,2,0.70656,0,,,
timing,168,0.0,False,2,True,False,False,False,False,False,True,0.49692,-0.0051333,0.011046,-0.09632,1,0.32429,0,,,
slow timing,168,0.0,False,2,True,False,False,False,False,False,True,0.51478,-0.0074893,0.0023793,-0.17809,2,0.099673,0,,,
selection,168,0.0,False,2,True,False,False,False,False,False,True,0.4859,-0.0074134,0.0111,-0.13631,10,0.015416,0,,,
slow selection,168,0.0,False,4,True,True,True,False,False,True,False,0.65359,0.018169,0.0024013,0.38979,10,0.14613,0,,,
planted 0.5,168,0.013413153777783005,True,0,True,True,True,True,True,True,True,0.7144,0.032682,0.011396,0.60624,1,0.99645,0,0.86989,0.73557,0.56946
planted 0.8,168,0.018388610058729223,True,0,True,True,True,True,True,True,True,0.84079,0.050733,0.011091,0.94145,1,0.99999,0,0.99196,0.972,0.92735
late slow timing,168,0.0,False,3,True,True,False,True,False,False,True,1.1231,0.09135,0.0040534,0.49564,1,0.94585,0,,,
rotation,168,0.0,False,2,True,False,False,False,False,False,True,0.67313,-0.0030468,0.0021345,-0.11767,2,0.18493,0,,,
binary rotation,168,0.0,False,3,True,True,False,False,False,False,True,0.70965,0.0058189,0.0033144,0.13504,2,0.50263,0,,,
top sector,168,0.0,False,2,True,False,False,False,False,False,True,0.53551,-0.012227,0.0033156,-0.12174,1,0.33305,2,,,
near benchmark,168,0.0,False,3,True,True,False,False,False,True,True,0.71578,0.0023016,0.0011125,0.20118,2,0.54967,0,,,
timing,169,0.0,False,2,True,False,False,False,False,False,True,0.41857,-0.019709,0.011474,-0.35105,1,0.061018,0,,,
slow timing,169,0.0,False,3,True,True,False,False,False,True,False,0.61772,0.012374,0.0024507,0.26529,1,0.87298,0,,,
selection,169,0.0,False,2,True,False,False,False,False,False,True,0.51538,-0.001586,0.011029,-0.02972,10,0.043144,0,,,
slow selection,169,0.0,False,3,True,True,False,False,False,False,True,0.60709,0.010878,0.0026759,0.21624,10,0.14166,0,,,
planted 0.5,169,0.013413153777783005,False,7,True,True,True,True,True,True,False,0.827,0.051127,0.011324,0.96846,1,0.99999,0,0.99283,0.97439,0.93218
planted 0.8,169,0.018388610058729223,False,7,True,True,True,True,True,True,False,0.81681,0.051398,0.011142,0.9012,1,0.99998,0,0.99369,0.97707,0.93831
late slow timing,169,0.0,False,2,True,False,False,False,False,False,True,0.50772,-0.099075,0.0038486,-0.39414,1,0.13538,1,,,
rotation,169,0.0,False,2,True,False,False,False,False,False,False,0.64486,-0.007696,0.0024647,-0.26931,2,0.068125,0,,,
binary rotation,169,0.0,False,2,True,False,False,False,False,False,True,0.69651,0.0034517,0.0040318,0.080536,2,0.40165,0,,,
top sector,169,0.0,False,2,True,False,False,False,False,False,True,0.57683,0.00054261,0.0032903,0.0052433,2,0.30873,0,,,
near benchmark,169,0.0,False,2,True,False,False,False,False,True,True,0.70145,-6.0794e-05,0.0010797,-0.0051859,2,0.29489,0,,,
timing,170,0.0,False,2,True,False,False,False,False,False,False,0.48246,-0.0070965,0.010883,-0.12566,1,0.27075,0,,,
slow timing,170,0.0,False,2,True,False,False,False,False,False,True,0.54728,0.00038303,0.0025559,0.0071221,1,0.51248,0,,,
selection,170,0.0,False,2,True,False,True,False,False,True,True,0.56017,0.0057097,0.011012,0.1021,10,0.027795,0,,,
slow selection,170,0.0,False,3,True,True,False,False,False,False,False,0.6499,0.018165,0.0021722,0.40057,10,0.37211,0,,,
planted 0.5,170,0.013413153777783005,False,7,True,True,True,True,True,True,False,0.81717,0.050467,0.011095,0.83328,1,0.99992,0,0.98587,0.9555,0.89417
planted 0.8,170,0.018388610058729223,True,0,True,True,True,True,True,True,True,0.85636,0.057777,0.011242,0.94917,1,0.99995,0,0.98705,0.95841,0.89948
late slow timing,170,0.0,False,1,False,True,True,True,True,False,True,1.1942,0.11312,0.0022432,0.6287,1,0.97943,0,,,
rotation,170,0.0,False,2,True,False,False,False,False,False,True,0.68706,-0.00055436,0.0022287,-0.021517,2,0.27948,0,,,
binary rotation,170,0.0,False,3,True,True,False,False,False,False,True,0.69916,0.003466,0.0032263,0.085899,2,0.4071,0,,,
top sector,170,0.0,False,4,True,True,True,False,False,False,False,0.75525,0.036658,0.0028433,0.32635,2,0.7157,1,,,
near benchmark,170,0.0,False,4,True,True,True,False,False,True,True,0.72877,0.0044732,0.0010973,0.36517,2,0.73533,0,,,
timing,171,0.0,False,2,True,False,False,False,False,False,True,0.51413,-0.0021681,0.011267,-0.038867,1,0.42628,0,,,
slow timing,171,0.0,False,3,True,True,False,False,False,False,True,0.62107,0.012373,0.0020627,0.28334,1,0.89259,0,,,
selection,171,0.0,False,2,True,False,True,False,False,True,True,0.57781,0.0086827,0.011217,0.15972,10,0.11629,0,,,
slow selection,171,0.0,False,4,True,True,True,False,False,True,True,0.65685,0.018608,0.0021587,0.40136,10,0.50676,0,,,
planted 0.5,171,0.013413153777783005,True,0,True,True,True,True,True,True,True,0.6429,0.018683,0.011309,0.35796,1,0.93749,0,0.48688,0.29831,0.16249
planted 0.8,171,0.018388610058729223,True,0,True,True,True,True,True,True,True,0.85973,0.053935,0.010866,1.0494,1,0.99999,0,0.99701,0.98796,0.96434
late slow timing,171,0.0,False,2,True,False,False,False,False,False,True,0.69436,0.0079398,0.0049953,0.032969,1,0.54645,0,,,
rotation,171,0.0,False,2,True,False,False,False,False,False,True,0.68524,-0.0010681,0.002208,-0.044489,2,0.24443,0,,,
binary rotation,171,0.0,False,2,True,False,False,False,False,False,True,0.61547,-0.01104,0.0043845,-0.251,2,0.089913,0,,,
top sector,171,0.0,False,2,True,False,False,False,False,False,True,0.69053,0.024564,0.0044962,0.20785,1,0.74789,0,,,
near benchmark,171,0.0,False,2,True,False,False,False,False,True,True,0.68822,-0.0022305,0.0010893,-0.18361,2,0.12498,0,,,
timing,172,0.0,False,2,True,False,False,False,False,False,True,0.5225,-0.00072097,0.011179,-0.013473,2,0.27967,0,,,
slow timing,172,0.0,False,2,True,False,False,False,False,False,True,0.44807,-0.018486,0.002336,-0.40135,1,0.045034,0,,,
selection,172,0.0,False,2,True,False,False,False,False,False,True,0.51699,-0.0020659,0.011345,-0.038739,10,0.041025,0,,,
slow selection,172,0.0,False,3,True,True,False,False,False,True,True,0.62424,0.012851,0.0026003,0.29096,10,0.34075,0,,,
planted 0.5,172,0.013413153777783005,False,2,True,False,True,False,False,True,True,0.56873,0.0098177,0.011528,0.16582,1,0.78804,0,0.2204,0.10234,0.042323
planted 0.8,172,0.018388610058729223,True,0,True,True,True,True,True,True,True,0.83905,0.053249,0.011484,0.95165,1,0.99999,0,0.9923,0.97296,0.92937
late slow timing,172,0.0,False,2,True,False,False,False,False,False,False,0.84766,0.057048,0.0033531,0.30773,1,0.83859,0,,,
rotation,172,0.0,False,2,True,False,False,False,False,False,True,0.66937,-0.0036507,0.0026899,-0.1356,2,0.16515,0,,,
binary rotation,172,0.0,False,2,True,False,False,False,False,False,True,0.58619,-0.017209,0.0030366,-0.42097,2,0.028851,0,,,
top sector,172,0.0,False,2,True,False,False,False,False,False,True,0.49385,-0.014319,0.0049689,-0.10648,2,0.18491,0,,,
near benchmark,172,0.0,False,2,True,False,False,False,False,True,True,0.70307,0.00019464,0.0011746,0.017202,2,0.32368,0,,,
timing,173,0.0,False,2,True,False,False,False,False,False,True,0.45625,-0.012056,0.01131,-0.21158,1,0.14771,0,,,
slow timing,173,0.0,False,6,True,True,True,True,True,False,True,0.65584,0.019422,0.0023188,0.43046,1,0.96495,0,,,
selection,173,0.0,False,2,True,False,False,False,False,False,False,0.51185,-0.0027287,0.01132,-0.048658,10,0.038702,0,,,
slow selection,173,0.0,False,4,True,True,True,False,False,True,False,0.64802,0.017296,0.0025547,0.40562,10,0.25783,0,,,
planted 0.5,173,0.013413153777783005,True,0,True,True,True,True,True,True,True,0.75242,0.040727,0.011054,0.73053,1,0.99947,0,0.95509,0.88442,0.77035
planted 0.8,173,0.018388610058729223,True,0,True,True,True,True,True,True,True,0.8591,0.059003,0.011843,0.98036,1,1,0,0.99508,0.98152,0.94867
late slow timing,173,0.0,False,2,True,False,False,False,False,False,True,0.41842,-0.027305,0.0023582,-0.15011,2,0.17973,0,,,
rotation,173,0.0,False,2,True,False,False,False,False,False,True,0.65667,-0.0062787,0.0021746,-0.27475,2,0.08055,0,,,
binary rotation,173,0.0,False,2,True,False,False,False,False,False,True,0.61043,-0.012199,0.0044063,-0.28765,2,0.059749,0,,,
top sector,173,0.0,False,5,True,True,True,True,False,True,True,0.88739,0.060029,0.0044156,0.54451,1,0.96945,0,,,
near benchmark,173,0.0,False,2,True,False,False,False,False,True,True,0.70207,6.0578e-05,0.0011244,0.0050187,2,0.30745,0,,,
timing,174,0.0,False,2,True,False,False,False,False,False,True,0.4515,-0.013474,0.010854,-0.24506,1,0.13049,0,,,
slow timing,174,0.0,False,2,True,False,False,False,False,False,True,0.54261,-0.00062109,0.0023421,-0.011651,1,0.48049,0,,,
selection,174,0.0,False,2,True,False,True,False,False,False,False,0.55413,0.0044223,0.011633,0.082532,10,0.10601,0,,,
slow selection,174,0.0,False,3,True,True,False,False,False,False,True,0.66739,0.021595,0.0023778,0.44069,10,0.44634,0,,,
planted 0.5,174,0.013413153777783005,True,0,True,True,True,True,True,True,True,0.72429,0.033974,0.01162,0.58879,1,0.99651,0,0.87061,0.73642,0.57019
planted 0.8,174,0.018388610058729223,True,0,True,True,True,True,True,True,True,0.72518,0.033226,0.011044,0.57825,1,0.99478,0,0.79171,0.62393,0.4446
late slow timing,174,0.0,False,2,True,False,False,False,False,False,True,0.41095,-0.10537,0.003786,-0.47977,1,0.07949,0,,,
rotation,174,0.0,False,2,True,False,False,False,False,False,True,0.61075,-0.014276,0.0027401,-0.55047,2,0.0055127,0,,,
binary rotation,174,0.0,False,2,True,False,False,False,False,False,True,0.64509,-0.0061749,0.004232,-0.15113,2,0.13056,0,,,
top sector,174,0.0,False,2,True,False,False,False,False,False,True,0.41031,-0.031468,0.0033861,-0.32706,1,0.11788,0,,,
near benchmark,174,0.0,False,2,True,False,False,False,False,True,True,0.70232,7.6886e-05,0.0011992,0.0067196,2,0.31007,0,,,
timing,175,0.0,False,2,True,False,False,False,False,False,True,0.52087,-0.00084518,0.010902,-0.015699,1,0.47193,0,,,
slow timing,175,0.0,False,3,True,True,False,False,False,False,True,0.61987,0.012735,0.0027346,0.27531,1,0.87927,0,,,
selection,175,0.0,False,2,True,False,True,False,False,True,True,0.5646,0.0067242,0.011128,0.11881,10,0.128,0,,,
slow selection,175,0.0,False,3,True,True,False,False,False,False,True,0.605,0.010384,0.0023724,0.20951,10,0.2272,0,,,
planted 0.5,175,0.013413153777783005,True,0,True,True,True,True,True,True,True,0.63117,0.019246,0.011331,0.32338,1,0.93394,0,0.47258,0.28591,0.15373
planted 0.8,175,0.018388610058729223,True,0,True,True,True,True,True,True,True,0.83297,0.052059,0.011025,0.95983,1,0.99999,0,0.99693,0.98745,0.96254
late slow timing,175,0.0,False,2,True,False,False,False,False,False,False,0.92432,0.057012,0.0039442,0.27227,1,0.81292,0,,,
rotation,175,0.0,False,2,True,False,False,False,False,False,True,0.68333,-0.0010773,0.002524,-0.039593,2,0.24992,0,,,
binary rotation,175,0.0,False,2,True,False,False,False,False,False,True,0.65516,-0.0037293,0.0037949,-0.082126,2,0.21547,0,,,
top sector,175,0.0,False,3,True,True,False,False,False,False,True,0.73202,0.02841,0.0039505,0.26171,1,0.82255,1,,,
near benchmark,175,0.0,False,2,True,False,False,False,False,True,False,0.70544,0.00060554,0.0011919,0.051816,2,0.36386,0,,,
timing,176,0.0,False,2,True,False,False,False,False,False,True,0.34903,-0.032433,0.011426,-0.52997,1,0.01236,0,,,
slow timing,176,0.0,False,2,True,False,False,False,False,True,True,0.51847,-0.0062752,0.0023913,-0.13671,1,0.28763,0,,,
selection,176,0.0,False,2,True,False,False,False,False,False,True,0.51324,-0.0010634,0.0117,-0.017803,10,0.049211,0,,,
slow selection,176,0.0,False,4,True,True,True,False,False,True,True,0.67811,0.022567,0.0023398,0.50661,11,0.60258,0,,,
planted 0.5,176,0.013413153777783005,True,0,True,True,True,True,True,True,True,0.75469,0.040148,0.011226,0.69393,1,0.99945,0,0.93638,0.84679,0.71307
planted 0.8,176,0.018388610058729223,True,0,True,True,True,True,True,True,True,0.69633,0.029875,0.011222,0.55654,1,0.9847,0,0.70432,0.51635,0.33961
late slow timing,176,0.0,False,2,True,False,False,False,False,False,True,0.51365,-0.044667,0.0047618,-0.24175,1,0.22842,0,,,
rotation,176,0.0,False,2,True,False,False,False,False,False,True,0.65297,-0.0065375,0.002584,-0.24524,2,0.067367,0,,,
binary rotation,176,0.0,False,2,True,False,False,False,False,True,True,0.61037,-0.012642,0.004083,-0.30336,2,0.04357,0,,,
top sector,176,0.0,False,2,True,False,False,False,False,True,True,0.67438,0.014004,0.004701,0.1357,2,0.48351,0,,,
near benchmark,176,0.0,False,2,True,False,False,False,False,True,True,0.70242,0.00014407,0.0010166,0.011538,2,0.31342,0,,,
timing,177,0.0,False,2,True,False,False,False,False,False,True,0.46716,-0.0099395,0.01127,-0.16503,1,0.25522,0,,,
slow timing,177,0.0,False,3,True,True,False,False,False,False,True,0.62249,0.013566,0.0027152,0.2779,1,0.8698,0,,,
selection,177,0.0,False,2,True,False,True,False,False,True,False,0.58794,0.010935,0.011508,0.1919,10,0.1334,0,,,
slow selection,177,0.0,False,3,True,True,False,False,False,False,False,0.62872,0.015106,0.0025967,0.28965,10,0.38356,0,,,
planted 0.5,177,0.013413153777783005,False,7,True,True,True,True,True,True,False,0.76696,0.039612,0.011152,0.78291,1,0.99947,0,0.95202,0.8792,0.76375
planted 0.8,177,0.018388610058729223,True,0,True,True,True,True,True,True,True,0.78241,0.044249,0.01107,0.79109,1,0.99965,0,0.93734,0.85004,0.71963
late slow timing,177,0.0,False,2,True,False,False,False,False,False,True,0.59345,-0.0053914,0.0023852,-0.031389,1,0.46057,0,,,
rotation,177,0.0,False,3,True,True,False,False,False,False,True,0.71819,0.0049616,0.0026154,0.19267,2,0.53569,0,,,
binary rotation,177,0.0,False,1,False,False,False,False,False,True,True,0.48439,-0.035886,0.0024073,-0.86344,2,0.00013019,0,,,
top sector,177,0.0,False,2,True,False,False,False,False,False,True,0.50291,-0.017486,0.003774,-0.14255,1,0.29232,0,,,
near benchmark,177,0.0,False,2,True,False,False,False,False,True,True,0.70345,0.00030597,0.0011524,0.024797,2,0.33003,0,,,
timing,178,0.0,False,2,True,False,False,False,False,False,True,0.5122,-0.0012568,0.011103,-0.021019,1,0.46445,0,,,
slow timing,178,0.0,False,2,True,False,False,False,False,False,True,0.47413,-0.014969,0.0023202,-0.34928,1,0.082888,0,,,
selection,178,0.0,False,2,True,False,False,False,False,False,True,0.50609,-0.0035387,0.010993,-0.063993,10,0.031862,0,,,
slow selection,178,0.0,False,4,True,True,True,False,False,False,True,0.7344,0.037209,0.0028391,0.62009,10,0.39693,0,,,
planted 0.5,178,0.013413153777783005,True,0,True,True,True,True,True,True,True,0.63863,0.019791,0.010982,0.3629,1,0.94757,0,0.44543,0.26311,0.13809
planted 0.8,178,0.018388610058729223,True,0,True,True,True,True,True,True,True,0.83564,0.051305,0.011082,0.95233,1,0.99999,0,0.99456,0.9799,0.945
late slow timing,178,0.0,False,2,True,False,False,False,False,False,True,0.74691,0.026933,0.0038938,0.12014,1,0.66622,0,,,
rotation,178,0.0,False,2,True,False,False,False,False,False,True,0.65928,-0.005667,0.0021294,-0.22216,2,0.067374,0,,,
binary rotation,178,0.0,False,2,True,False,False,False,False,False,True,0.62135,-0.010595,0.0042185,-0.2579,2,0.085164,0,,,
top sector,178,0.0,False,2,True,False,False,False,False,False,True,0.63909,0.014307,0.003953,0.1183,1,0.66398,0,,,
near benchmark,178,0.0,False,2,True,False,False,False,False,True,True,0.70013,-0.00017226,0.0011393,-0.012664,2,0.28811,0,,,
timing,179,0.0,False,2,True,False,False,False,False,False,True,0.43316,-0.014548,0.011012,-0.25645,1,0.13067,0,,,
slow timing,179,0.0,False,3,True,True,False,False,False,False,True,0.63525,0.018366,0.0031484,0.30204,1,0.88203,0,,,
selection,179,0.0,False,2,True,False,False,False,False,False,False,0.53582,0.0022054,0.011266,0.036748,10,0.078675,0,,,
slow selection,179,0.0,False,4,True,True,True,False,False,False,True,0.78295,0.042912,0.0025145,0.84063,10,0.54315,0,,,
planted 0.5,179,0.013413153777783005,True,0,True,True,True,True,True,True,True,0.66383,0.023639,0.011168,0.44268,1,0.97824,0,0.67315,0.48058,0.30693
planted 0.8,179,0.018388610058729223,True,0,True,True,True,True,True,True,True,0.77295,0.04424,0.011263,0.79954,1,0.99983,0,0.97154,0.91963,0.82717
late slow timing,179,0.0,False,2,True,False,False,False,False,False,True,0.29163,-0.12509,0.0030816,-0.59788,1,0.033891,0,,,
rotation,179,0.0,False,3,True,True,False,False,False,False,True,0.7172,0.0048207,0.0021354,0.18378,2,0.51368,0,,,
binary rotation,179,0.0,False,2,True,False,False,False,False,False,False,0.68952,0.0026638,0.0033528,0.05796,2,0.3743,0,,,
top sector,179,0.0,False,2,True,False,False,False,False,False,True,0.60297,0.011821,0.0028553,0.086604,2,0.40001,0,,,
near benchmark,179,0.0,False,2,True,False,False,False,False,True,True,0.69623,-0.00087092,0.0010548,-0.068403,2,0.23048,0,,,
timing,180,0.0,False,2,True,False,False,False,False,False,True,0.54033,0.0020954,0.011258,0.038716,1,0.56817,0,,,
slow timing,180,0.0,False,2,True,False,False,False,False,False,True,0.49153,-0.0092275,0.0024657,-0.17296,1,0.2202,0,,,
selection,180,0.0,False,2,True,False,True,False,False,True,False,0.54142,0.0026456,0.011362,0.048827,10,0.088311,0,,,
slow selection,180,0.0,False,4,True,True,True,False,False,True,True,0.63867,0.015572,0.0024326,0.36124,10,0.38562,0,,,
planted 0.5,180,0.013413153777783005,True,0,True,True,True,True,True,True,True,0.69015,0.02721,0.01078,0.48591,1,0.97674,0,0.66358,0.47027,0.29805
planted 0.8,180,0.018388610058729223,True,0,True,True,True,True,True,True,True,0.80356,0.049318,0.01146,0.93179,1,0.99999,0,0.99404,0.9784,0.94183
late slow timing,180,0.0,False,3,True,True,False,True,False,False,True,1.1132,0.15301,0.0036155,0.55002,1,0.94589,1,,,
rotation,180,0.0,False,2,True,False,False,False,False,False,True,0.67994,-0.0017651,0.0020833,-0.066046,2,0.22312,0,,,
binary rotation,180,0.0,False,3,True,True,False,False,False,False,True,0.72552,0.0087561,0.0042145,0.20082,2,0.59743,0,,,
top sector,180,0.0,False,4,True,True,True,False,False,True,True,0.83988,0.047854,0.0040433,0.45878,2,0.87774,0,,,
near benchmark,180,0.0,False,2,True,False,False,False,False,True,True,0.68452,-0.0028883,0.0011213,-0.24968,2,0.092461,0,,,
timing,181,0.0,False,2,True,False,False,False,False,False,True,0.47376,-0.009035,0.011262,-0.1621,1,0.23029,0,,,
slow timing,181,0.0,False,2,True,False,False,False,False,False,True,0.54348,-0.0018966,0.0022973,-0.04291,1,0.43641,0,,,
selection,181,0.0,False,2,True,False,False,False,False,False,True,0.50086,-0.0047146,0.011121,-0.090085,10,0.02368,0,,,
slow selection,181,0.0,False,3,True,True,False,False,False,True,True,0.65992,0.020501,0.0024786,0.4237,10,0.31737,0,,,
planted 0.5,181,0.013413153777783005,True,0,True,True,True,True,True,True,True,0.73246,0.034018,0.011022,0.61875,1,0.99621,0,0.86766,0.73326,0.56793
planted 0.8,181,0.018388610058729223,True,0,True,True,True,True,True,True,True,0.81159,0.048122,0.011431,0.86366,1,0.99996,0,0.9914,0.97072,0.92525
late slow timing,181,0.0,False,2,True,False,False,False,False,False,True,0.67041,-0.058133,0.0026625,-0.30699,1,0.18505,0,,,
rotation,181,0.0,False,2,True,False,False,False,False,False,True,0.68827,-0.00057335,0.0022206,-0.024465,2,0.27108,0,,,
binary rotation,181,0.0,False,2,True,False,False,False,False,False,True,0.60678,-0.012501,0.003902,-0.27577,2,0.082102,0,,,
top sector,181,0.0,False,2,True,False,False,False,False,False,True,0.52598,-0.014122,0.0027617,-0.14569,1,0.29706,1,,,
near benchmark,181,0.0,False,2,True,False,False,False,False,True,True,0.69539,-0.001044,0.0010716,-0.086387,2,0.2051,0,,,
timing,182,0.0,False,2,True,False,False,False,False,True,True,0.53362,0.0023931,0.011587,0.038828,1,0.5684,0,,,
slow timing,182,0.0,False,3,True,True,False,True,False,True,True,0.65681,0.02026,0.0025097,0.4105,1,0.95037,0,,,
selection,182,0.0,False,4,True,True,True,False,False,True,True,0.5954,0.011614,0.010951,0.21555,10,0.29364,0,,,
slow selection,182,0.0,False,4,True,True,True,False,False,True,True,0.66352,0.020646,0.0022295,0.44863,10,0.51997,0,,,
planted 0.5,182,0.013413153777783005,True,0,True,True,True,True,True,True,True,0.65598,0.024031,0.011374,0.42217,1,0.96588,0,0.51273,0.31994,0.17722
planted 0.8,182,0.018388610058729223,True,0,True,True,True,True,True,True,True,0.80101,0.04857,0.010962,0.85971,1,0.99999,0,0.9892,0.96414,0.91082
late slow timing,182,0.0,False,2,True,False,False,False,False,False,True,0.66558,-0.070522,0.0037417,-0.34898,1,0.19175,0,,,
rotation,182,0.0,False,2,True,False,False,False,False,False,True,0.66003,-0.0052238,0.002621,-0.18773,2,0.13762,0,,,
binary rotation,182,0.0,False,2,True,False,False,False,False,False,True,0.66852,-0.0019814,0.00341,-0.047992,2,0.19471,0,,,
top sector,182,0.0,False,2,True,False,False,False,False,False,True,0.35443,-0.050138,0.0039528,-0.47305,1,0.061955,0,,,
near benchmark,182,0.0,False,4,True,True,True,False,False,True,False,0.72589,0.003969,0.0011223,0.34853,2,0.76021,0,,,
timing,183,0.0,False,2,True,False,False,False,False,False,False,0.38277,-0.025759,0.011354,-0.46311,1,0.013648,0,,,
slow timing,183,0.0,False,3,True,True,False,True,False,False,True,0.69906,0.027654,0.0026887,0.55693,1,0.98947,0,,,
selection,183,0.0,False,4,True,True,True,False,False,True,False,0.62754,0.017226,0.011662,0.31526,10,0.29614,0,,,
slow selection,183,0.0,False,4,True,True,True,False,False,True,True,0.61835,0.011921,0.0022817,0.26543,10,0.15073,0,,,
planted 0.5,183,0.013413153777783005,False,7,True,True,True,True,True,True,False,0.75617,0.039706,0.011047,0.74296,1,0.99968,0,0.96489,0.90517,0.80355
planted 0.8,183,0.018388610058729223,False,5,True,True,True,True,False,True,True,0.62921,0.018077,0.010972,0.32136,1,0.91483,0,0.34844,0.1876,0.089711
late slow timing,183,0.0,False,2,True,False,False,False,False,False,True,0.81676,-0.012664,0.0052235,-0.06912,2,0.23191,0,,,
rotation,183,0.0,False,2,True,False,False,False,False,False,True,0.62747,-0.010546,0.0031237,-0.33178,2,0.055148,0,,,
binary rotation,183,0.0,False,2,True,False,False,False,False,False,True,0.60211,-0.013439,0.0039478,-0.30934,2,0.056889,0,,,
top sector,183,0.0,False,2,True,False,False,False,False,False,True,0.68831,0.02355,0.0045889,0.21439,2,0.54652,0,,,
near benchmark,183,0.0,False,3,True,True,False,False,False,True,True,0.72657,0.004097,0.0011443,0.34626,2,0.76716,0,,,
timing,184,0.0,False,2,True,False,False,False,False,False,True,0.34461,-0.032971,0.010951,-0.60817,1,0.0041217,0,,,
slow timing,184,0.0,False,2,True,False,False,False,False,False,True,0.50154,-0.0088123,0.0026039,-0.16596,1,0.22483,0,,,
selection,184,0.0,False,2,True,False,True,False,False,True,True,0.55929,0.0057422,0.010909,0.10359,10,0.12453,0,,,
slow selection,184,0.0,False,4,True,True,True,False,False,True,False,0.67827,0.022839,0.0024896,0.52255,10,0.25946,0,,,
planted 0.5,184,0.013413153777783005,False,7,True,True,True,True,True,True,False,0.74861,0.039528,0.0112,0.69769,1,0.99923,0,0.9132,0.80632,0.65892
planted 0.8,184,0.018388610058729223,True,0,True,True,True,True,True,True,True,0.83522,0.055029,0.01137,1.0295,1,0.99999,0,0.99443,0.97957,0.94439
late slow timing,184,0.0,False,2,True,False,False,False,False,False,True,0.6132,-0.015129,0.0036943,-0.087099,2,0.22543,0,,,
rotation,184,0.0,False,2,True,False,False,False,False,False,True,0.69546,0.0010232,0.0026879,0.038495,2,0.3607,0,,,
binary rotation,184,0.0,False,2,True,False,False,False,False,False,True,0.57103,-0.020021,0.0040803,-0.47213,2,0.016533,0,,,
top sector,184,0.0,False,2,True,False,False,False,False,False,False,0.5334,-0.0068404,0.0036837,-0.059571,2,0.23613,1,,,
near benchmark,184,0.0,False,2,True,False,False,False,False,True,True,0.68037,-0.0035466,0.0010726,-0.29095,2,0.062009,0,,,
timing,185,0.0,False,2,True,False,False,False,False,False,True,0.40612,-0.020974,0.010911,-0.38964,1,0.037805,0,,,
slow timing,185,0.0,False,2,True,False,False,False,False,False,True,0.55944,0.0021467,0.0025306,0.042869,1,0.57046,0,,,
selection,185,0.0,False,2,True,False,True,False,False,False,True,0.52012,-0.00053612,0.010908,-0.0092102,10,0.05319,0,,,
slow selection,185,0.0,False,4,True,True,True,False,False,False,False,0.72603,0.031619,0.0025153,0.70199,11,0.70709,0,,,
planted 0.5,185,0.013413153777783005,True,0,True,True,True,True,True,True,True,0.79992,0.048328,0.011014,0.85788,1,0.99998,0,0.99363,0.97664,0.93681
planted 0.8,185,0.018388610058729223,True,0,True,True,True,True,True,True,True,0.83331,0.055179,0.01102,1.0294,1,1,0,0.99873,0.99409,0.98025
late slow timing,185,0.0,False,2,True,False,False,False,False,False,True,0.84353,0.075876,0.0033487,0.2887,1,0.79467,0,,,
rotation,185,0.0,False,2,True,False,False,False,False,False,True,0.6376,-0.009473,0.002298,-0.3779,2,0.030065,0,,,
binary rotation,185,0.0,False,2,True,False,False,False,False,False,False,0.59335,-0.014737,0.0038952,-0.32298,2,0.043541,0,,,
top sector,185,0.0,False,2,True,False,False,False,False,False,False,0.47509,-0.017802,0.0048651,-0.16113,1,0.2778,0,,,
near benchmark,185,0.0,False,5,True,True,True,True,False,True,True,0.74559,0.0072585,0.0011254,0.57738,2,0.93939,0,,,
timing,186,0.0,False,2,True,False,False,False,False,False,False,0.49639,-0.0056758,0.011166,-0.102,1,0.33269,0,,,
slow timing,186,0.0,False,3,True,True,False,False,False,True,True,0.59045,0.0065861,0.002381,0.15412,1,0.7338,0,,,
selection,186,0.0,False,2,True,False,True,False,False,True,True,0.54782,0.0042997,0.011293,0.073917,10,0.10922,0,,,
slow selection,186,0.0,False,4,True,True,True,False,False,False,False,0.67583,0.022907,0.0023121,0.44629,11,0.29685,0,,,
planted 0.5,186,0.013413153777783005,True,0,True,True,True,True,True,True,True,0.6901,0.028565,0.010902,0.53824,1,0.98937,0,0.76827,0.59318,0.41285
planted 0.8,186,0.018388610058729223,True,0,True,True,True,True,True,True,True,0.84779,0.052546,0.010916,0.9723,1,1,0,0.9987,0.99415,0.98085
late slow timing,186,0.0,False,2,True,False,False,False,False,False,True,0.27383,-0.11947,0.0034153,-0.55226,1,0.059237,2,,,
rotation,186,0.0,False,2,True,False,False,False,False,False,True,0.65517,-0.0063791,0.0025695,-0.25834,2,0.077801,0,,,
binary rotation,186,0.0,False,2,True,False,False,False,False,False,True,0.58065,-0.018247,0.0043983,-0.44392,2,0.010395,0,,,
top sector,186,0.0,False,2,True,False,False,False,False,False,True,0.31486,-0.053124,0.0034888,-0.43398,1,0.080764,0,,,
near benchmark,186,0.0,False,2,True,False,False,False,False,True,True,0.66277,-0.0063968,0.0011556,-0.48963,2,0.018215,0,,,
timing,187,0.0,False,2,True,False,False,False,False,False,True,0.40948,-0.019772,0.010834,-0.3543,1,0.059468,0,,,
slow timing,187,0.0,False,3,True,True,False,False,False,False,True,0.61272,0.011769,0.0025557,0.23317,1,0.82545,0,,,
selection,187,0.0,False,2,True,False,True,False,False,False,True,0.53107,0.00070713,0.0116,0.012356,10,0.064053,0,,,
slow selection,187,0.0,False,4,True,True,True,False,False,True,True,0.70118,0.026358,0.0024555,0.57884,10,0.72638,0,,,
planted 0.5,187,0.013413153777783005,True,0,True,True,True,True,True,True,True,0.64824,0.020684,0.011489,0.3764,1,0.95054,0,0.52059,0.32791,0.18365
planted 0.8,187,0.018388610058729223,True,0,True,True,True,True,True,True,True,0.81252,0.0524,0.011209,0.82939,1,0.99997,0,0.98029,0.94079,0.86537
late slow timing,187,0.0,False,2,True,False,False,False,False,False,True,0.55116,-0.075986,0.002383,-0.63944,1,0.043476,2,,,
rotation,187,0.0,False,2,True,False,False,False,False,False,True,0.66998,-0.0039982,0.002014,-0.18817,2,0.11276,0,,,
binary rotation,187,0.0,False,2,True,False,False,False,False,False,True,0.67722,1.4665e-05,0.0039476,0.00033663,2,0.30206,0,,,
top sector,187,0.0,False,2,True,False,False,False,False,True,True,0.58209,0.0032034,0.0034965,0.028246,1,0.53941,0,,,
near benchmark,187,0.0,False,2,True,False,False,False,False,True,True,0.65618,-0.0076357,0.0010891,-0.66748,2,0.0029827,0,,,
timing,188,0.0,False,2,True,False,False,False,False,False,True,0.41178,-0.020539,0.011342,-0.38677,1,0.041492,0,,,
slow timing,188,0.0,False,6,True,True,True,True,True,False,False,0.70941,0.027949,0.0022301,0.68447,1,0.9989,0,,,
selection,188,0.0,False,2,True,False,True,False,False,False,False,0.55965,0.0056668,0.011454,0.10337,10,0.11519,0,,,
slow selection,188,0.0,False,4,True,True,True,False,False,True,True,0.69863,0.025222,0.002544,0.63998,10,0.46166,0,,,
planted 0.5,188,0.013413153777783005,False,7,True,True,True,True,True,True,False,0.77591,0.042945,0.011003,0.79266,1,0.99957,0,0.96083,0.89659,0.78983
planted 0.8,188,0.018388610058729223,True,0,True,True,True,True,True,True,True,0.83251,0.052353,0.011239,0.9188,1,0.99998,0,0.99297,0.97483,0.9332
late slow timing,188,0.0,False,2,True,False,False,False,False,False,True,0.69574,-0.021256,0.0039466,-0.089544,2,0.21368,0,,,
rotation,188,0.0,False,2,True,False,False,False,False,False,True,0.65385,-0.0065095,0.002666,-0.25575,2,0.042592,0,,,
binary rotation,188,0.0,False,2,True,False,False,False,False,False,True,0.65252,-0.0045889,0.0037762,-0.10715,2,0.17526,0,,,
top sector,188,0.0,False,2,True,False,False,False,False,False,True,0.60784,0.00021366,0.0032944,0.0020316,1,0.503,0,,,
near benchmark,188,0.0,False,4,True,True,True,False,False,True,True,0.72907,0.0045821,0.0010998,0.35102,2,0.71709,0,,,
timing,189,0.0,False,2,True,False,False,False,False,False,True,0.3921,-0.023316,0.010842,-0.41924,1,0.032447,0,,,
slow timing,189,0.0,False,3,True,True,False,False,False,False,True,0.58858,0.0066787,0.002262,0.14694,1,0.75012,0,,,
selection,189,0.0,False,2,True,False,True,False,False,False,False,0.57465,0.0081301,0.011397,0.14932,10,0.18676,0,,,
slow selection,189,0.0,False,4,True,True,True,False,False,True,True,0.64628,0.017465,0.0022236,0.36901,10,0.34145,0,,,
planted 0.5,189,0.013413153777783005,False,7,True,True,True,True,True,True,False,0.80563,0.047495,0.011565,0.8684,1,0.99989,0,0.98259,0.94681,0.87705
planted 0.8,189,0.018388610058729223,False,7,True,True,True,True,True,True,False,0.77296,0.04349,0.011186,0.79391,1,0.99988,0,0.98187,0.9447,0.87252
late slow timing,189,0.0,False,2,True,False,False,False,False,False,True,0.78074,-0.018536,0.0028231,-0.11192,1,0.38202,0,,,
rotation,189,0.0,False,2,True,False,False,False,False,False,True,0.68682,-0.00058201,0.00253,-0.022091,2,0.27753,0,,,
binary rotation,189,0.0,False,3,True,True,False,False,False,False,True,0.71211,0.0061127,0.0034145,0.14481,2,0.48645,0,,,
top sector,189,0.0,False,2,True,False,False,False,False,False,True,0.45222,-0.023057,0.0038588,-0.18771,1,0.25339,0,,,
near benchmark,189,0.0,False,3,True,True,False,False,False,True,True,0.709,0.0012501,0.0010955,0.098242,2,0.42695,0,,,
timing,190,0.0,False,2,True,False,False,False,False,False,True,0.39078,-0.024193,0.011554,-0.43955,1,0.024826,0,,,
slow timing,190,0.0,False,2,True,False,False,False,False,False,True,0.48169,-0.013006,0.0022562,-0.28718,1,0.11072,0,,,
selection,190,0.0,False,2,True,False,True,False,False,False,False,0.52815,0.001056,0.0111,0.01873,10,0.061471,0,,,
slow selection,190,0.0,False,3,True,True,False,False,False,False,False,0.66306,0.019416,0.0021973,0.47136,10,0.63131,0,,,
planted 0.5,190,0.013413153777783005,True,0,True,True,True,True,True,True,True,0.61563,0.01462,0.010953,0.2774,1,0.91015,0,0.40764,0.23189,0.11702
planted 0.8,190,0.018388610058729223,True,0,True,True,True,True,True,True,True,0.8377,0.055586,0.011433,0.91679,1,0.99999,0,0.99103,0.96919,0.9211
late slow timing,190,0.0,False,2,True,False,False,False,False,False,True,0.71405,-0.00014321,0.0038305,-0.00061599,1,0.49931,0,,,
rotation,190,0.0,False,2,True,False,False,False,False,False,True,0.65171,-0.0069555,0.0025859,-0.26787,2,0.057127,0,,,
binary rotation,190,0.0,False,3,True,True,False,False,False,False,False,0.76908,0.016467,0.0042746,0.38268,2,0.8198,0,,,
top sector,190,0.0,False,2,True,False,False,False,False,False,True,0.58179,-0.0034908,0.0037731,-0.035761,2,0.25997,0,,,
near benchmark,190,0.0,False,3,True,True,False,False,False,True,True,0.72136,0.0032902,0.0011663,0.26248,2,0.65096,0,,,
timing,191,0.0,False,2,True,False,False,False,False,False,True,0.48083,-0.0082062,0.011135,-0.13477,1,0.30706,0,,,
slow timing,191,0.0,False,3,True,True,False,True,False,False,True,0.62613,0.013678,0.002225,0.30558,1,0.90072,0,,,
selection,191,0.0,False,2,True,False,True,False,False,True,True,0.58163,0.0090594,0.011123,0.17207,10,0.14918,0,,,
slow selection,191,0.0,False,4,True,True,True,False,False,False,True,0.67743,0.023182,0.0022267,0.51003,10,0.46027,0,,,
planted 0.5,191,0.013413153777783005,True,0,True,True,True,True,True,True,True,0.70121,0.033272,0.011552,0.55531,1,0.99438,0,0.80301,0.63866,0.45971
planted 0.8,191,0.018388610058729223,True,0,True,True,True,True,True,True,True,0.77295,0.046525,0.011043,0.74994,1,0.99996,0,0.97438,0.92566,0.83674
late slow timing,191,0.0,False,2,True,False,False,False,False,False,True,0.96329,0.052278,0.0038972,0.27023,1,0.80033,0,,,
rotation,191,0.0,False,2,True,False,False,False,False,False,True,0.70009,0.0017762,0.0021874,0.068454,2,0.38398,0,,,
binary rotation,191,0.0,False,2,True,False,False,False,False,False,True,0.67519,-0.00028872,0.0033892,-0.0066722,2,0.29302,0,,,
top sector,191,0.0,False,2,True,False,False,False,False,False,True,0.53044,-0.0058886,0.004048,-0.041916,1,0.44142,0,,,
near benchmark,191,0.0,False,2,True,False,False,False,False,True,True,0.69158,-0.0016551,0.0011102,-0.13474,2,0.146,0,,,
timing,192,0.0,False,2,True,False,False,False,False,False,True,0.41949,-0.018376,0.011862,-0.29743,1,0.093904,0,,,
slow timing,192,0.0,False,4,True,True,True,False,False,True,True,0.59286,0.00794,0.0026234,0.16301,1,0.76233,0,,,
selection,192,0.0,False,2,True,False,True,False,False,False,True,0.57609,0.0086492,0.011639,0.1551,10,0.1969,0,,,
slow selection,192,0.0,False,4,True,True,True,False,False,False,False,0.66106,0.018456,0.0021449,0.48141,10,0.53825,0,,,
planted 0.5,192,0.013413153777783005,True,0,True,True,True,True,True,True,True,0.6301,0.018927,0.011203,0.29918,1,0.91581,0,0.42613,0.24775,0.12806
planted 0.8,192,0.018388610058729223,True,0,True,True,True,True,True,True,True,0.83389,0.052741,0.011228,0.914,1,0.99997,0,0.99218,0.9723,0.92733
late slow timing,192,0.0,False,2,True,False,False,False,False,False,True,0.84224,0.0013691,0.0035003,0.0080399,1,0.50991,0,,,
rotation,192,0.0,False,2,True,False,False,False,False,False,False,0.6508,-0.0068448,0.0021232,-0.25575,2,0.083125,0,,,
binary rotation,192,0.0,False,2,True,False,False,False,False,False,True,0.62545,-0.0098572,0.0043931,-0.24202,2,0.088195,0,,,
top sector,192,0.0,False,2,True,False,False,False,False,False,True,0.37702,-0.050527,0.0039456,-0.49017,1,0.047818,0,,,
near benchmark,192,0.0,False,3,True,True,False,False,False,True,True,0.71302,0.001903,0.0010959,0.15083,2,0.49207,0,,,
timing,193,0.0,False,2,True,False,False,False,False,False,True,0.40412,-0.022589,0.011307,-0.40543,1,0.039025,0,,,
slow timing,193,0.0,False,2,True,False,False,False,False,False,True,0.47933,-0.013129,0.0024951,-0.27725,1,0.12153,0,,,
selection,193,0.0,False,2,True,False,True,False,False,True,True,0.52371,0.0003828,0.011529,0.0063908,10,0.061128,0,,,
slow selection,193,0.0,False,3,True,True,False,False,False,False,True,0.61102,0.010138,0.0027169,0.25241,10,0.16391,0,,,
planted 0.5,193,0.013413153777783005,True,0,True,True,True,True,True,True,True,0.6969,0.033474,0.011294,0.54558,1,0.99578,0,0.85685,0.71554,0.54554
planted 0.8,193,0.018388610058729223,True,0,True,True,True,True,True,True,True,0.82169,0.048914,0.010896,0.87437,1,0.99991,0,0.98578,0.95527,0.8937
late slow timing,193,0.0,False,2,True,False,False,False,False,False,True,0.96896,0.044745,0.0038154,0.23918,1,0.76162,0,,,
rotation,193,0.0,False,2,True,False,False,False,False,False,True,0.62239,-0.01218,0.0023836,-0.4767,2,0.023784,0,,,
binary rotation,193,0.0,False,3,True,True,False,False,False,False,False,0.77893,0.017844,0.0043049,0.43613,2,0.84384,0,,,
top sector,193,0.0,False,2,True,False,False,False,False,False,True,0.4262,-0.038883,0.0043105,-0.3658,2,0.043068,0,,,
near benchmark,193,0.0,False,2,True,False,False,False,False,True,True,0.66257,-0.0065432,0.0010867,-0.53146,2,0.012404,0,,,
timing,194,0.0,False,2,True,False,False,False,False,False,True,0.34883,-0.031427,0.010853,-0.60872,1,0.0067951,0,,,
slow timing,194,0.0,False,3,True,True,False,False,False,False,True,0.59594,0.0084262,0.0022238,0.17479,2,0.59199,0,,,
selection,194,0.0,False,2,True,False,False,False,False,False,True,0.52908,0.0010736,0.011677,0.0183,10,0.068171,0,,,
slow selection,194,0.0,False,4,True,True,True,False,False,True,True,0.66047,0.019347,0.0025516,0.43119,10,0.28192,0,,,
planted 0.5,194,0.013413153777783005,True,0,True,True,True,True,True,True,True,0.68588,0.029765,0.011572,0.50217,1,0.99135,0,0.66882,0.47533,0.30192
planted 0.8,194,0.018388610058729223,True,0,True,True,True,True,True,True,True,0.8599,0.059077,0.011324,0.9853,1,1,0,0.99952,0.99756,0.99106
late slow timing,194,0.0,False,2,True,False,False,False,False,False,True,0.86373,0.01863,0.0034607,0.095822,1,0.60264,0,,,
rotation,194,0.0,False,2,True,False,False,False,False,False,True,0.63383,-0.010293,0.0027254,-0.41904,2,0.015495,0,,,
binary rotation,194,0.0,False,2,True,False,False,False,False,False,True,0.69761,0.003345,0.0035897,0.081226,2,0.405,0,,,
top sector,194,0.0,False,2,True,False,False,False,False,True,True,0.67267,0.02298,0.0045077,0.1806,2,0.54534,0,,,
near benchmark,194,0.0,False,3,True,True,False,False,False,True,True,0.72186,0.0033653,0.0011636,0.2736,2,0.65154,0,,,
timing,195,0.0,False,2,True,False,False,False,False,False,True,0.42781,-0.017456,0.011009,-0.31915,1,0.071395,0,,,
slow timing,195,0.0,False,2,True,False,False,False,False,False,True,0.56461,0.0025507,0.0023181,0.054253,1,0.59047,0,,,
selection,195,0.0,False,2,True,False,True,False,False,True,True,0.52775,-0.00030066,0.01132,-0.0051238,10,0.055329,0,,,
slow selection,195,0.0,False,3,True,True,False,False,False,False,True,0.60651,0.011336,0.0026865,0.21474,10,0.24099,0,,,
planted 0.5,195,0.013413153777783005,False,2,True,False,True,False,False,True,True,0.54919,0.001928,0.011395,0.035672,1,0.56044,0,0.07658,0.026981,0.008557
planted 0.8,195,0.018388610058729223,False,7,True,True,True,True,True,True,False,0.77389,0.045289,0.011458,0.80656,1,0.99986,0,0.97937,0.93942,0.8643
late slow timing,195,0.0,False,2,True,False,False,False,False,False,True,0.21595,-0.2053,0.0044625,-0.89777,1,0.0043507,0,,,
rotation,195,0.0,False,2,True,False,False,False,False,False,True,0.65898,-0.0057013,0.0023719,-0.23561,2,0.092105,0,,,
binary rotation,195,0.0,False,2,True,False,False,False,False,False,True,0.65382,-0.0039922,0.0034174,-0.090866,2,0.20723,0,,,
top sector,195,0.0,False,2,True,False,False,False,False,True,False,0.64063,0.0086063,0.0039585,0.079087,2,0.40333,0,,,
near benchmark,195,0.0,False,2,True,False,False,False,False,True,True,0.65064,-0.0082544,0.0011484,-0.55953,2,0.0098364,0,,,
timing,196,0.0,False,2,True,False,False,False,False,False,True,0.44262,-0.014237,0.011168,-0.26138,1,0.14216,0,,,
slow timing,196,0.0,False,2,True,False,False,False,False,False,True,0.48685,-0.010817,0.0023435,-0.20776,1,0.19538,0,,,
selection,196,0.0,False,2,True,False,False,False,False,False,True,0.51237,-0.0024687,0.010942,-0.043796,10,0.038565,0,,,
slow selection,196,0.0,False,4,True,True,True,False,False,True,False,0.62135,0.012773,0.002537,0.28024,10,0.31676,0,,,
planted 0.5,196,0.013413153777783005,False,7,True,True,True,True,True,True,False,0.86051,0.05569,0.011203,1.0802,1,1,0,0.99905,0.99541,0.9841
planted 0.8,196,0.018388610058729223,True,0,True,True,True,True,True,True,True,0.88071,0.060776,0.011263,1.0369,1,0.99999,0,0.99614,0.98505,0.95725
late slow timing,196,0.0,False,2,True,False,False,False,False,False,True,0.91641,0.08472,0.0044022,0.3155,2,0.62131,0,,,
rotation,196,0.0,False,3,True,True,False,False,False,False,True,0.71052,0.0040208,0.0026653,0.13605,2,0.51976,0,,,
binary rotation,196,0.0,False,3,True,True,False,False,False,False,True,0.74942,0.01289,0.0037673,0.30069,2,0.71795,0,,,
top sector,196,0.0,False,2,True,False,False,False,False,False,True,0.45701,-0.027354,0.0049591,-0.23429,2,0.090972,0,,,
near benchmark,196,0.0,False,2,True,False,False,False,False,True,True,0.67716,-0.0040697,0.0010822,-0.32918,2,0.024656,0,,,
timing,197,0.0,False,2,True,False,False,False,False,False,True,0.40546,-0.022004,0.011438,-0.39323,1,0.037724,0,,,
slow timing,197,0.0,False,3,True,True,False,True,False,True,True,0.64658,0.016589,0.0023,0.38975,1,0.94152,0,,,
selection,197,0.0,False,2,True,False,True,False,False,True,False,0.55468,0.0044763,0.01103,0.08367,10,0.11662,0,,,
slow selection,197,0.0,False,3,True,True,False,False,False,True,True,0.61939,0.013613,0.0026308,0.25471,10,0.27402,0,,,
planted 0.5,197,0.013413153777783005,False,5,True,True,True,True,False,True,True,0.62708,0.018115,0.01078,0.30824,1,0.9198,0,0.43476,0.25432,0.13216
planted 0.8,197,0.018388610058729223,True,0,True,True,True,True,True,True,True,1.0023,0.081575,0.011344,1.3265,1,1,0,0.99994,0.99961,0.99822
late slow timing,197,0.0,False,5,True,True,True,True,False,False,False,1.2586,0.1837,0.0041892,0.80087,1,0.97967,2,,,
rotation,197,0.0,False,2,True,False,False,False,False,False,True,0.64468,-0.0078451,0.0024458,-0.28447,2,0.051535,0,,,
binary rotation,197,0.0,False,2,True,False,False,False,False,False,True,0.59381,-0.015271,0.0035906,-0.36181,2,0.032173,0,,,
top sector,197,0.0,False,2,True,False,False,False,False,False,True,0.31706,-0.065692,0.0030349,-0.62131,2,0.0030356,0,,,
near benchmark,197,0.0,False,2,True,False,False,False,False,True,True,0.68747,-0.0022237,0.0012364,-0.15602,2,0.14415,0,,,
timing,198,0.0,False,2,True,False,True,False,False,True,True,0.5699,0.0075335,0.011032,0.13499,1,0.72619,0,,,
slow timing,198,0.0,False,2,True,False,False,False,False,True,True,0.53671,-0.0030231,0.0024105,-0.069854,2,0.21421,0,,,
selection,198,0.0,False,4,True,True,True,False,False,True,True,0.61771,0.020357,0.011431,0.26988,10,0.19619,0,,,
slow selection,198,0.0,False,4,True,True,True,False,False,False,True,0.70717,0.027984,0.0024494,0.58513,10,0.58246,0,,,
planted 0.5,198,0.013413153777783005,True,0,True,True,True,True,True,True,True,0.70922,0.034558,0.011094,0.55241,1,0.99742,0,0.88872,0.76427,0.60338
planted 0.8,198,0.018388610058729223,True,0,True,True,True,True,True,True,True,0.86094,0.056557,0.010756,1.0874,1,1,0,0.99969,0.99826,0.99316
late slow timing,198,0.0,False,2,True,False,False,False,False,False,True,0.77462,-0.012837,0.0022709,-0.083556,1,0.40057,1,,,
rotation,198,0.0,False,2,True,False,False,False,False,False,True,0.6428,-0.0081678,0.0024373,-0.28479,2,0.065478,0,,,
binary rotation,198,0.0,False,2,True,False,False,False,False,False,True,0.55466,-0.022792,0.0041218,-0.52824,2,0.0036503,0,,,
top sector,198,0.0,False,2,True,False,False,False,False,False,True,0.4783,-0.022205,0.0045045,-0.1888,1,0.25919,0,,,
near benchmark,198,0.0,False,2,True,False,False,False,False,True,True,0.70353,0.00039869,0.0010688,0.029107,2,0.33263,0,,,
timing,199,0.0,False,2,True,False,False,False,False,False,True,0.42795,-0.017093,0.01131,-0.30395,1,0.09073,0,,,
slow timing,199,0.0,False,5,True,True,True,True,False,True,True,0.62523,0.013301,0.0025574,0.30867,1,0.9236,0,,,
selection,199,0.0,False,2,True,False,True,False,False,True,False,0.54059,0.0024895,0.01101,0.044597,10,0.083734,0,,,
slow selection,199,0.0,False,4,True,True,True,False,False,True,True,0.66152,0.020032,0.0027026,0.40247,10,0.52169,0,,,
planted 0.5,199,0.013413153777783005,True,0,True,True,True,True,True,True,True,0.74309,0.037635,0.011113,0.66831,1,0.99866,0,0.91426,0.80759,0.65988
planted 0.8,199,0.018388610058729223,False,7,True,True,True,True,True,True,False,0.85136,0.055652,0.01118,1.0126,1,0.99999,0,0.9969,0.98734,0.96225
late slow timing,199,0.0,False,2,True,False,False,False,False,False,True,0.74796,0.02904,0.0034206,0.14081,1,0.65543,0,,,
rotation,199,0.0,False,2,True,False,False,False,False,False,True,0.632,-0.010172,0.0025829,-0.35903,2,0.057244,0,,,
binary rotation,199,0.0,False,3,True,True,False,False,False,False,True,0.78796,0.019172,0.0026843,0.48411,2,0.89365,0,,,
top sector,199,0.0,False,3,True,True,False,False,False,True,True,0.72318,0.028005,0.0035731,0.249,1,0.84376,0,,,
near benchmark,199,0.0,False,2,True,False,False,False,False,True,True,0.68428,-0.002817,0.0010693,-0.20883,2,0.12108,0,,,
